signal_id,ehtimollik
SG_000001,0.13849423736234773
SG_000007,0.1607311090732243
SG_000009,0.15310052495225895
SG_000010,0.1788707620109614
SG_000011,0.10485433614656905
SG_000018,0.2298968113823073
SG_000024,0.19510599890996325
SG_000026,0.20443488226760653
SG_000032,0.1617130320739147
SG_000033,0.254809566577267
SG_000034,0.09738148580280627
SG_000036,0.12716392208720798
SG_000039,0.15897718294162094
SG_000048,0.0805685125669274
SG_000049,0.13689895815742548
SG_000050,0.2080209026091251
SG_000053,0.07974451001000363
SG_000054,0.23574666914790438
SG_000055,0.2019161507548351
SG_000058,0.11989696144097789
SG_000059,0.1393485815305278
SG_000061,0.16823985547363987
SG_000062,0.15036469075889924
SG_000072,0.14916656030632128
SG_000073,0.19644707652060872
SG_000075,0.16559713033204798
SG_000080,0.19652019133657428
SG_000081,0.22688126361889083
SG_000083,0.07586165513620209
SG_000086,0.10888684101200016
SG_000087,0.2813635776745227
SG_000092,0.17964996953339335
SG_000099,0.20570884055224667
SG_000100,0.13878329326197014
SG_000105,0.14835087858133375
SG_000106,0.19069824705296937
SG_000107,0.05392635546107597
SG_000118,0.2020570960766091
SG_000120,0.17285000447039817
SG_000125,0.16238005177140954
SG_000129,0.15108482921219987
SG_000137,0.13819543943900486
SG_000146,0.1525347034897507
SG_000147,0.1627071972228621
SG_000149,0.24882875478491057
SG_000153,0.24156647882239302
SG_000161,0.08252074221480465
SG_000163,0.05456179826720506
SG_000165,0.2674980862824908
SG_000173,0.10299868759952882
SG_000178,0.22157951622240274
SG_000179,0.1582218349656181
SG_000187,0.4520350522063901
SG_000192,0.08095696937302922
SG_000193,0.27619059534545454
SG_000195,0.14570802583039796
SG_000196,0.20319507539965354
SG_000201,0.07446107518566024
SG_000203,0.11797242440664474
SG_000205,0.3544783387672319
SG_000207,0.226349970359766
SG_000211,0.19768753728781
SG_000214,0.12873350739120754
SG_000217,0.06011292429457566
SG_000218,0.31282024828461014
SG_000219,0.21314247552732737
SG_000227,0.134426973640864
SG_000229,0.1379693487200903
SG_000232,0.20857323344925172
SG_000240,0.11058273639450107
SG_000242,0.2761498683077996
SG_000244,0.12671509989730206
SG_000246,0.12418400601096267
SG_000250,0.13057339723412434
SG_000253,0.23797687401228335
SG_000262,0.1256055462733444
SG_000269,0.24370967572888408
SG_000270,0.12698543632660797
SG_000271,0.34626137366215654
SG_000284,0.16487819547457414
SG_000286,0.1545542883821535
SG_000287,0.08330619885369273
SG_000290,0.3227984425278989
SG_000291,0.1308870146659875
SG_000301,0.11930780424792074
SG_000302,0.18314645890136663
SG_000304,0.10798920988554025
SG_000306,0.32511788689586474
SG_000309,0.10931472031868339
SG_000314,0.16637445851618218
SG_000319,0.2966492540444514
SG_000320,0.15582389098762822
SG_000321,0.1887941530813692
SG_000325,0.19014110254424277
SG_000328,0.0906833819771449
SG_000329,0.17489009260532992
SG_000333,0.18105658513142975
SG_000334,0.2003432521868554
SG_000335,0.16442234364246552
SG_000339,0.07572547013439394
SG_000341,0.09792019692453255
SG_000345,0.27938325623822857
SG_000347,0.18819125140702284
SG_000349,0.1258143888185458
SG_000350,0.09063040721596576
SG_000351,0.09045424062247398
SG_000357,0.10641122342724152
SG_000360,0.24337311478866216
SG_000366,0.2947470820203736
SG_000368,0.18396717660738715
SG_000370,0.15124477009429288
SG_000378,0.14308642599806978
SG_000386,0.11942691155697857
SG_000394,0.12273619086074014
SG_000395,0.11431629646895533
SG_000397,0.23411132430693932
SG_000398,0.10913929828383911
SG_000401,0.1348470814359764
SG_000402,0.18824860544131994
SG_000414,0.21490863454805675
SG_000415,0.20473937112760598
SG_000419,0.2895169490486469
SG_000420,0.34208710692693817
SG_000422,0.20183275848578203
SG_000425,0.20267489445654907
SG_000430,0.09322873257695802
SG_000431,0.08433666906362493
SG_000435,0.06681155436759081
SG_000436,0.14346078994677813
SG_000440,0.12621609512744195
SG_000444,0.1350524888817002
SG_000450,0.13044900256190517
SG_000452,0.1282935447139352
SG_000454,0.17154211972216823
SG_000460,0.15986810459931486
SG_000462,0.14945342544625329
SG_000471,0.1669330638933859
SG_000474,0.20805025528043666
SG_000475,0.15162197949642717
SG_000476,0.144991938917164
SG_000480,0.18070775578389497
SG_000482,0.29217638208403435
SG_000484,0.17084018779643287
SG_000487,0.18323002208888678
SG_000488,0.1541192498895469
SG_000494,0.17584230144407267
SG_000496,0.12209125003591098
SG_000497,0.11875246738523634
SG_000498,0.10365779275856934
SG_000501,0.21229382289889598
SG_000506,0.1637531360565095
SG_000511,0.12864636701976867
SG_000513,0.09633080920827522
SG_000524,0.11597583793521184
SG_000526,0.21614177477600902
SG_000527,0.10781543373732641
SG_000530,0.15185391325435604
SG_000535,0.14021358757878263
SG_000536,0.1387972005952569
SG_000551,0.16594558835254825
SG_000561,0.2825052319625659
SG_000563,0.24445274279909457
SG_000567,0.16376031936025792
SG_000572,0.23854975945763957
SG_000580,0.17338006983759816
SG_000583,0.14442136608528575
SG_000585,0.2763033153019492
SG_000588,0.09994027088685291
SG_000591,0.2253850184954754
SG_000593,0.11411132286454857
SG_000594,0.25603266593777785
SG_000598,0.07787879765751068
SG_000603,0.13353576032884928
SG_000610,0.10864305402684661
SG_000614,0.15024577943558626
SG_000615,0.1804744341099146
SG_000616,0.09693335148082102
SG_000617,0.14559609037497034
SG_000619,0.10092154192531294
SG_000621,0.15999441887066665
SG_000629,0.298803663996714
SG_000633,0.16210298284259234
SG_000634,0.12339556556460661
SG_000638,0.15787187797142654
SG_000640,0.20483130080900097
SG_000643,0.19482777644557472
SG_000646,0.27205773824791984
SG_000648,0.09395873070505523
SG_000657,0.12732798106031723
SG_000662,0.12164117377923005
SG_000665,0.10725015770403509
SG_000666,0.2622084100145513
SG_000672,0.10222160177949005
SG_000674,0.15226269948849147
SG_000677,0.12876691490053385
SG_000678,0.25393560771414075
SG_000679,0.10633310523252992
SG_000691,0.17001878848389126
SG_000692,0.10284244183883028
SG_000693,0.31218411618742337
SG_000695,0.3505963223672164
SG_000696,0.13708273646743477
SG_000698,0.08282689590421959
SG_000706,0.12133882478505506
SG_000709,0.1459679873070018
SG_000713,0.12013738056262789
SG_000716,0.12314569657691013
SG_000717,0.05335032427831256
SG_000719,0.19361363126135134
SG_000722,0.2690570529985123
SG_000727,0.12985739013106554
SG_000734,0.15298677900530097
SG_000737,0.10807782556775641
SG_000739,0.15030251995054203
SG_000742,0.17690358931777683
SG_000743,0.11949384701238507
SG_000750,0.20739444728378625
SG_000751,0.31126435937406755
SG_000759,0.2574092064745301
SG_000762,0.13770336290075355
SG_000764,0.15229038816490958
SG_000768,0.09706310277654248
SG_000769,0.19043207256295575
SG_000770,0.14716386501259937
SG_000788,0.3184915787662801
SG_000790,0.08866841497513969
SG_000797,0.1833700233615919
SG_000798,0.0829625772585597
SG_000799,0.19635995494298927
SG_000802,0.1849555103377432
SG_000803,0.25869330804617524
SG_000809,0.24400936237766108
SG_000811,0.1824366327483024
SG_000812,0.1960193900388868
SG_000816,0.378581022364761
SG_000817,0.16811107445168896
SG_000820,0.11451263240598247
SG_000821,0.07912790708900672
SG_000826,0.10708091318888006
SG_000840,0.18967327269624112
SG_000849,0.36369473722701867
SG_000851,0.1337223251546684
SG_000856,0.10723843879797726
SG_000857,0.22501785803138055
SG_000864,0.07118594724542719
SG_000865,0.08189023015286478
SG_000875,0.19774152985378304
SG_000883,0.12324582817031535
SG_000888,0.15981853534491805
SG_000889,0.1848171258761906
SG_000890,0.12599548036972225
SG_000891,0.13909095246984254
SG_000903,0.13075140491327109
SG_000907,0.1246532390954498
SG_000909,0.08181168473973979
SG_000910,0.15207566218792867
SG_000911,0.17013434735760302
SG_000912,0.20867662248862093
SG_000913,0.1935369336102271
SG_000917,0.1801964447822853
SG_000920,0.17117889888718307
SG_000928,0.09124573058442637
SG_000934,0.1052192236816311
SG_000935,0.1997285470674547
SG_000938,0.21419495302212233
SG_000940,0.1572383656374236
SG_000943,0.15868771557094968
SG_000945,0.18420254220726726
SG_000946,0.15051262120963654
SG_000948,0.1200677640998805
SG_000950,0.22137175897277064
SG_000954,0.18526885074827507
SG_000959,0.26612528884899583
SG_000963,0.12879129862286728
SG_000965,0.16470543726547926
SG_000968,0.12814591947932338
SG_000970,0.2657110062408174
SG_000973,0.08509387401252927
SG_000975,0.08129219347447673
SG_000977,0.10632659087215343
SG_000980,0.2503587833582532
SG_000981,0.2590817375955368
SG_000985,0.21706208099132374
SG_000987,0.21479120910625177
SG_000988,0.12368680810967815
SG_000990,0.16001846234094683
SG_000991,0.26415902868027097
SG_001002,0.1949692280693051
SG_001004,0.2805952209648983
SG_001009,0.0833859001382787
SG_001010,0.13387664016123763
SG_001014,0.1569011165934571
SG_001023,0.12642167719472155
SG_001027,0.06044210228045176
SG_001028,0.2054334704972796
SG_001030,0.1412009777989424
SG_001031,0.201688069365293
SG_001032,0.13326188648802972
SG_001042,0.2941572035313768
SG_001048,0.12540269819795227
SG_001049,0.1595957439205403
SG_001052,0.2040881200502757
SG_001058,0.16534330488915336
SG_001060,0.12010081858350913
SG_001066,0.27398507709140846
SG_001067,0.18533256972509307
SG_001070,0.13514094876732097
SG_001071,0.15548556189871418
SG_001075,0.07802268897325491
SG_001076,0.2517776387884437
SG_001078,0.09551147989503507
SG_001081,0.17998151866244927
SG_001085,0.12924557456897054
SG_001086,0.12752249268492416
SG_001100,0.10740636487358368
SG_001101,0.08035934105577895
SG_001102,0.254430455323006
SG_001106,0.09551718093203676
SG_001107,0.08718785300302165
SG_001108,0.14699985334005217
SG_001109,0.1169644838827764
SG_001111,0.3056199956737867
SG_001117,0.18602367601438233
SG_001121,0.13720244105773963
SG_001123,0.19202642009337276
SG_001125,0.16527700925467287
SG_001126,0.34737371152108143
SG_001128,0.09971676003485894
SG_001133,0.0959204392686942
SG_001135,0.20329851229005166
SG_001143,0.41059930401884026
SG_001153,0.0680724215866037
SG_001155,0.2841005052261739
SG_001157,0.21298099999536535
SG_001159,0.15012365955352056
SG_001161,0.2706325046166721
SG_001163,0.05666439060089292
SG_001167,0.23642966731432802
SG_001180,0.21895798301203412
SG_001181,0.2631623339825352
SG_001182,0.1432479410282505
SG_001184,0.135927240261062
SG_001188,0.13790542064279576
SG_001190,0.182992403436106
SG_001192,0.2238821469013853
SG_001196,0.30666362546866405
SG_001201,0.1839873321044031
SG_001202,0.08249262716712659
SG_001203,0.20995208173638513
SG_001205,0.10406499412239645
SG_001208,0.3002454813822145
SG_001210,0.19265799734888123
SG_001211,0.18701761173403636
SG_001213,0.13133683749205316
SG_001215,0.19559707401296278
SG_001217,0.1971339543505068
SG_001225,0.1847542559879992
SG_001226,0.12032429732427896
SG_001229,0.3424480125648744
SG_001230,0.14734170180538186
SG_001236,0.15292522236103245
SG_001237,0.05477071424339018
SG_001243,0.1550431723691738
SG_001245,0.11729922811938781
SG_001248,0.09981119846821268
SG_001252,0.09435676442520227
SG_001255,0.2627106272070235
SG_001257,0.20678404693821476
SG_001262,0.1269346514613909
SG_001264,0.1686003248685909
SG_001267,0.14094946571515543
SG_001279,0.056090654225835083
SG_001285,0.1289620616969244
SG_001287,0.11713657234526023
SG_001293,0.1928892243846677
SG_001296,0.3071639831243893
SG_001298,0.1859012320652429
SG_001303,0.11878308714130711
SG_001305,0.1622602265858494
SG_001306,0.21360451710219175
SG_001309,0.17234680930472057
SG_001312,0.08626961719118932
SG_001313,0.12297143650333832
SG_001314,0.14509235302095788
SG_001316,0.10824138749087131
SG_001318,0.12323309284101792
SG_001319,0.15479446898963192
SG_001321,0.2727810707009753
SG_001322,0.1351503897897719
SG_001327,0.0945419968598532
SG_001331,0.13902266296072277
SG_001335,0.1759247777247107
SG_001336,0.1805641763548339
SG_001349,0.2259974134183104
SG_001350,0.15457934209094273
SG_001352,0.22855767579876618
SG_001354,0.12363746859649309
SG_001361,0.13030545639068017
SG_001362,0.1735988246267022
SG_001364,0.11497382642400222
SG_001374,0.2497168372035335
SG_001389,0.15496068523222453
SG_001390,0.1344337117568566
SG_001395,0.2958475027762065
SG_001397,0.11247037861559002
SG_001401,0.14507799988962583
SG_001402,0.16053490674547077
SG_001405,0.1311307624819218
SG_001412,0.34454265317423305
SG_001415,0.13253586107133303
SG_001419,0.08459646996750785
SG_001421,0.2189946560736593
SG_001423,0.18341186829945746
SG_001432,0.27392858343830284
SG_001433,0.07138550004725958
SG_001441,0.32066935634877763
SG_001446,0.1040974977369227
SG_001447,0.1864928110408134
SG_001448,0.0723001870459383
SG_001453,0.08845222749353522
SG_001458,0.14236777501744943
SG_001465,0.19760408021572656
SG_001469,0.15467475727416988
SG_001470,0.162559720801648
SG_001472,0.1940538183105415
SG_001476,0.18748804649897172
SG_001478,0.2699284896764335
SG_001480,0.2510138225067724
SG_001484,0.09166693150155052
SG_001487,0.32349512838267985
SG_001493,0.14226300679743836
SG_001494,0.45726251873940466
SG_001500,0.17128051131491376
SG_001505,0.17372234687349192
SG_001506,0.23774951512700082
SG_001510,0.10854313329677795
SG_001514,0.23543949288453547
SG_001520,0.14515079572813028
SG_001525,0.28883935001251715
SG_001527,0.16473578776143913
SG_001528,0.19103724919892778
SG_001529,0.13183992941439632
SG_001531,0.15994630804581472
SG_001541,0.3660434840985455
SG_001542,0.23429351898155754
SG_001543,0.25327285920628095
SG_001545,0.0717574947054041
SG_001549,0.16213449642507358
SG_001557,0.12311565362633344
SG_001558,0.20670488916650703
SG_001561,0.1835665282421658
SG_001562,0.0616233134836027
SG_001563,0.15106376901268428
SG_001567,0.09188854020480228
SG_001568,0.12937762866686287
SG_001569,0.15986109049352784
SG_001570,0.13679862993098862
SG_001571,0.1736697237658873
SG_001572,0.2598335998523798
SG_001573,0.12127223995401239
SG_001576,0.20519435978291756
SG_001584,0.21088274885645808
SG_001590,0.179014405632962
SG_001591,0.08248515016905819
SG_001592,0.08529987910716397
SG_001595,0.14798493079577937
SG_001601,0.30469618280922045
SG_001604,0.17090916354749233
SG_001609,0.22541017381802228
SG_001610,0.21348592001077035
SG_001612,0.11794105350300939
SG_001613,0.20044139280006418
SG_001615,0.12753286044043238
SG_001623,0.20202397557733304
SG_001624,0.15699952271681902
SG_001631,0.17968202045693837
SG_001634,0.20651764110300297
SG_001636,0.2785561497000931
SG_001638,0.32173787244135804
SG_001647,0.1560158054303219
SG_001650,0.19989223245209287
SG_001653,0.22445777440148137
SG_001654,0.2774955482258239
SG_001658,0.16870022351679848
SG_001663,0.11820792345051324
SG_001667,0.09943979497721632
SG_001668,0.13339238963717978
SG_001670,0.07763098784123787
SG_001683,0.13940905539928186
SG_001686,0.17161359433664095
SG_001688,0.20399499687435851
SG_001689,0.08345488918644772
SG_001698,0.24234700573989576
SG_001704,0.09879338337010905
SG_001711,0.16035088252997073
SG_001719,0.12256159430406405
SG_001720,0.08299882614630039
SG_001723,0.22973664779077962
SG_001726,0.14591539360065914
SG_001728,0.10155994248779004
SG_001731,0.11047882320192506
SG_001733,0.1858770585084629
SG_001734,0.15229664759003372
SG_001735,0.13941945419307386
SG_001737,0.20029325704207415
SG_001738,0.20692233127280535
SG_001739,0.13738917429456424
SG_001740,0.18499069612295854
SG_001744,0.17712259346668052
SG_001745,0.15633621872748807
SG_001750,0.11160101991953912
SG_001751,0.17831837669036876
SG_001761,0.1532927814407971
SG_001767,0.12631086741243286
SG_001768,0.21070712720107493
SG_001769,0.13472017107079912
SG_001776,0.2764006709388809
SG_001786,0.07041469886116053
SG_001788,0.16798722223710277
SG_001789,0.2176833067110066
SG_001790,0.11162825268509435
SG_001791,0.21056135877022958
SG_001792,0.19227545863937348
SG_001793,0.12590054843980367
SG_001796,0.17506818647283834
SG_001797,0.08124054479511734
SG_001803,0.15924211521459633
SG_001804,0.0833631347013426
SG_001806,0.14703123211568145
SG_001811,0.13079616956093063
SG_001815,0.18326674620695818
SG_001819,0.09028029246738781
SG_001824,0.1462574250914856
SG_001825,0.22852412056453142
SG_001827,0.29544603413752085
SG_001830,0.13952894611616362
SG_001831,0.1508524768560229
SG_001833,0.24090960242649415
SG_001836,0.10367555212525485
SG_001844,0.1730018887308104
SG_001846,0.16829268274095163
SG_001847,0.13551641743134407
SG_001848,0.22669010061142283
SG_001849,0.1893327622154231
SG_001851,0.10962787474559833
SG_001858,0.1572185905254102
SG_001860,0.09020217672612563
SG_001862,0.1827284487438351
SG_001864,0.0681399164483987
SG_001865,0.12594273622405489
SG_001867,0.24124063275884924
SG_001872,0.07413761314852893
SG_001876,0.11424515979131716
SG_001877,0.27346201371379286
SG_001883,0.24365141589782852
SG_001884,0.13350306011145957
SG_001885,0.13694331775701046
SG_001886,0.36674996430199075
SG_001888,0.16079787059184197
SG_001890,0.1294741706436631
SG_001892,0.16195304117071704
SG_001893,0.21548980798965287
SG_001894,0.11666669834736296
SG_001895,0.30677934903962245
SG_001897,0.13463980107650614
SG_001901,0.1461202435093054
SG_001903,0.17597936908509734
SG_001904,0.08951043766594088
SG_001906,0.15084286608496855
SG_001909,0.18784113122503446
SG_001912,0.11849622269048071
SG_001914,0.11945113628951431
SG_001915,0.14864273466674352
SG_001919,0.26392697359274025
SG_001924,0.09554794256432152
SG_001925,0.13708682103411896
SG_001928,0.19535288658671945
SG_001930,0.16393546769366707
SG_001932,0.10595111951708185
SG_001933,0.15320710419855435
SG_001934,0.10722409000908922
SG_001936,0.08549290017411476
SG_001947,0.10037599890935699
SG_001953,0.15071292558227034
SG_001954,0.06595281704533525
SG_001955,0.21874136985975445
SG_001963,0.20011842080529174
SG_001971,0.12330257156965488
SG_001975,0.16002340043391838
SG_001976,0.107150915096534
SG_001977,0.22515180864139667
SG_001980,0.12413715698330427
SG_001981,0.08632243867488848
SG_001982,0.14024247014008695
SG_001990,0.14889856359590345
SG_001999,0.11577109662435633
SG_002000,0.20306932380359077
SG_002002,0.21196572748934073
SG_002004,0.11011570286455877
SG_002008,0.2627425451003517
SG_002009,0.13166343342079612
SG_002016,0.22390533785198763
SG_002021,0.1463801557766576
SG_002024,0.17879567098024168
SG_002027,0.1777735290808608
SG_002037,0.19998855578545702
SG_002038,0.1541341992394045
SG_002039,0.21501172315498496
SG_002044,0.22076494850623674
SG_002045,0.10989872449946554
SG_002048,0.05927562227584626
SG_002050,0.3558759808360321
SG_002052,0.17566944886519595
SG_002063,0.1483376452806223
SG_002067,0.27546445316988405
SG_002068,0.09908580947174613
SG_002069,0.11269058078313289
SG_002074,0.1027168550387528
SG_002075,0.15532254845210447
SG_002078,0.07991388898449336
SG_002081,0.113761812850905
SG_002090,0.27430716323150045
SG_002097,0.3021970792899383
SG_002103,0.15870920728590746
SG_002105,0.20933032196046808
SG_002110,0.1481575723900964
SG_002122,0.1340087671584434
SG_002123,0.18763638237612057
SG_002125,0.20258791569670948
SG_002129,0.2707671272110471
SG_002131,0.3124663865494512
SG_002137,0.22234771701252903
SG_002142,0.20871682628382127
SG_002150,0.18853802585553603
SG_002151,0.19932158456842483
SG_002152,0.22584986930392045
SG_002166,0.14178068412852057
SG_002171,0.21930995745283788
SG_002172,0.153544880528952
SG_002176,0.1416395555314248
SG_002177,0.22168687584826854
SG_002181,0.24878988822370435
SG_002184,0.10492393417742556
SG_002185,0.29193040681267346
SG_002186,0.17684652228213094
SG_002191,0.1305179435305381
SG_002192,0.20973958492033162
SG_002194,0.23929216545288187
SG_002200,0.07445678141586988
SG_002209,0.2587536153781972
SG_002213,0.12033169169599654
SG_002220,0.09733930085018944
SG_002223,0.1343849687867924
SG_002227,0.07452854051084
SG_002228,0.09954729899613668
SG_002233,0.2228992462984869
SG_002241,0.17569206683632455
SG_002248,0.24635273664200052
SG_002251,0.16818465703767058
SG_002252,0.1587911323778916
SG_002254,0.22732826265917794
SG_002255,0.20411079947577665
SG_002260,0.3106575799208808
SG_002262,0.16489061075110722
SG_002263,0.1787622133565152
SG_002266,0.10586021872173043
SG_002270,0.09435900264428437
SG_002277,0.17452848234618398
SG_002278,0.08508813698722899
SG_002280,0.15376001861993516
SG_002281,0.13952736427951148
SG_002283,0.138720881153013
SG_002284,0.22892345927938273
SG_002286,0.1445605236451592
SG_002288,0.08940311839051071
SG_002291,0.24336809659181557
SG_002292,0.13963037302899348
SG_002294,0.13722030024373674
SG_002296,0.14833638497767312
SG_002298,0.16216515447450874
SG_002301,0.16263504562204678
SG_002304,0.1895655001828963
SG_002311,0.1164954487100033
SG_002319,0.3813955878073987
SG_002320,0.10883087429214014
SG_002322,0.15024577943558626
SG_002324,0.166348674734422
SG_002328,0.25165496512972513
SG_002332,0.11643012415989136
SG_002341,0.3250836852230445
SG_002346,0.07942827820304695
SG_002347,0.20869369946103863
SG_002352,0.1425585487620835
SG_002357,0.18371241501141794
SG_002361,0.17544806205337482
SG_002370,0.0737114847936135
SG_002371,0.19648070421103822
SG_002372,0.12257947966044537
SG_002373,0.1225871295614345
SG_002374,0.10669782040844095
SG_002375,0.16587890109013742
SG_002381,0.13711636949291664
SG_002385,0.1029363195951385
SG_002387,0.1440472738926177
SG_002390,0.16698250654686453
SG_002391,0.0852102132631326
SG_002392,0.11402589963555881
SG_002394,0.2122419513330534
SG_002396,0.11829111955062706
SG_002401,0.10908039667978417
SG_002402,0.11800874396646352
SG_002404,0.15691343007393704
SG_002407,0.0978191287294713
SG_002410,0.11200796011638203
SG_002419,0.28793256440984055
SG_002421,0.24117919347115363
SG_002422,0.15876476633696168
SG_002423,0.20530128470730385
SG_002429,0.14644123742861265
SG_002430,0.20190270054028825
SG_002434,0.2435188159313012
SG_002437,0.23983478824110474
SG_002442,0.10366572333970298
SG_002444,0.05893995463128166
SG_002447,0.179852341925334
SG_002448,0.1448165479779013
SG_002450,0.28343827153027085
SG_002453,0.17699100160471887
SG_002454,0.16516855722469356
SG_002455,0.20684275773288918
SG_002456,0.13425900899239546
SG_002458,0.14163224955936124
SG_002459,0.16833520894095289
SG_002460,0.28035759544234123
SG_002462,0.1668248991091065
SG_002464,0.16318368443684472
SG_002466,0.1984927722471394
SG_002475,0.20136475654041502
SG_002477,0.17389323147204316
SG_002479,0.15019227463746976
SG_002482,0.20568565411740922
SG_002483,0.25990188892040234
SG_002486,0.19535815362645836
SG_002490,0.21285094953830822
SG_002493,0.14368565285628368
SG_002495,0.20418947663898568
SG_002498,0.10679180846077316
SG_002500,0.2606230412917303
SG_002502,0.11595028338515607
SG_002507,0.1667355298722638
SG_002509,0.16795910603928535
SG_002517,0.22822154366757694
SG_002520,0.14687495538391415
SG_002522,0.14541002882668697
SG_002526,0.09690165032375572
SG_002529,0.08870580492932734
SG_002532,0.13015200880569955
SG_002539,0.0850200093879566
SG_002541,0.10614115818512435
SG_002544,0.10693385236073688
SG_002545,0.14155513639026213
SG_002546,0.14803773541906817
SG_002548,0.18276702214980872
SG_002555,0.2429744310761471
SG_002559,0.114858846855069
SG_002568,0.10647895099436461
SG_002572,0.27268407307028625
SG_002573,0.09053026929964955
SG_002577,0.170484773353543
SG_002580,0.20122336699336774
SG_002583,0.18530868046647012
SG_002586,0.1588472402403174
SG_002587,0.20675878711541354
SG_002588,0.18525652689581787
SG_002594,0.1196907904886402
SG_002596,0.06085044774987547
SG_002597,0.08349841061239774
SG_002599,0.1489955577684426
SG_002600,0.22351200619781847
SG_002601,0.04583059861472049
SG_002605,0.16059414872869496
SG_002613,0.1623754810404329
SG_002615,0.20565197339216387
SG_002618,0.17071450632945148
SG_002622,0.1617506266306649
SG_002627,0.21129164959817992
SG_002628,0.19855336784238867
SG_002630,0.0669871820172689
SG_002633,0.2010332311470025
SG_002638,0.1056914464758466
SG_002649,0.12862816376102124
SG_002650,0.12859117967097236
SG_002652,0.09138098972096255
SG_002653,0.18893444452594482
SG_002654,0.18071213018464463
SG_002657,0.13595754542443356
SG_002664,0.18146664622453512
SG_002665,0.07193182181930272
SG_002666,0.13824865662663374
SG_002667,0.22812517959918777
SG_002672,0.16184051344942146
SG_002673,0.25216950982840997
SG_002674,0.22489239880401649
SG_002675,0.12865593355679045
SG_002680,0.26053085174387686
SG_002684,0.3287845068544276
SG_002688,0.21003754303429192
SG_002689,0.11000837057257473
SG_002691,0.11337684326435332
SG_002693,0.28101090830227476
SG_002699,0.12785822657396026
SG_002701,0.15738779876436773
SG_002705,0.2059164128622475
SG_002720,0.07960505127525644
SG_002731,0.15594437345236262
SG_002733,0.09582577599357543
SG_002735,0.17861273808604228
SG_002736,0.1349661364012499
SG_002738,0.12907521933194396
SG_002742,0.2231706699664219
SG_002746,0.07566813270658022
SG_002748,0.08126814888776701
SG_002752,0.07710209997361851
SG_002755,0.12649660826884876
SG_002757,0.21709270189666324
SG_002759,0.1701067222233502
SG_002767,0.13672163948279056
SG_002770,0.18303801712844875
SG_002773,0.22313879646443985
SG_002777,0.1349983899054661
SG_002782,0.12057749566545851
SG_002783,0.08539748413139744
SG_002785,0.12855768766985598
SG_002788,0.22433463623844238
SG_002789,0.1692855593967631
SG_002793,0.12448671591807663
SG_002796,0.1275261560876723
SG_002798,0.203542405900891
SG_002809,0.26377087928292986
SG_002814,0.18795347897186465
SG_002820,0.1782444958446426
SG_002825,0.22156006175534054
SG_002827,0.12625438940894573
SG_002829,0.11889380669101565
SG_002832,0.1704610411986683
SG_002834,0.09090314693571427
SG_002840,0.12014902567122224
SG_002842,0.1970851540147282
SG_002843,0.11192251625159216
SG_002849,0.18694301024188972
SG_002850,0.14888061503486372
SG_002853,0.1590788932491584
SG_002875,0.23630158758164438
SG_002882,0.3120139419915884
SG_002887,0.33314667496616857
SG_002891,0.2193615869817254
SG_002896,0.12212237218720179
SG_002904,0.1523375644604555
SG_002906,0.16122915603133836
SG_002907,0.20649430908345903
SG_002910,0.22365225136307548
SG_002918,0.19324364459874166
SG_002926,0.1439569472427435
SG_002930,0.11406860406416146
SG_002932,0.1322972122490702
SG_002937,0.16798550300919668
SG_002939,0.18891356348214644
SG_002943,0.07622442997989197
SG_002944,0.11982101453280507
SG_002947,0.11526913048483525
SG_002949,0.13508923632626152
SG_002950,0.09341436468720932
SG_002952,0.12053630559389718
SG_002954,0.26554452597834716
SG_002955,0.28800540012887355
SG_002958,0.2744881139426917
SG_002960,0.23371275781005624
SG_002964,0.21694611944604708
SG_002967,0.16454141723337862
SG_002972,0.24743036423688944
SG_002982,0.49722375366521077
SG_002985,0.2901892007150194
SG_002989,0.20204736128159684
SG_002999,0.12398623376396199
SG_003002,0.14367960826438303
SG_003008,0.12466447612634965
SG_003023,0.1159286567455119
SG_003024,0.10558429130153005
SG_003026,0.15450649292944557
SG_003028,0.2397440635114086
SG_003030,0.12480628876533706
SG_003031,0.2158255778072649
SG_003037,0.08485987903635894
SG_003042,0.09573464099113364
SG_003043,0.12027421407668937
SG_003044,0.202963248120492
SG_003045,0.11276652234668652
SG_003048,0.12516252746778048
SG_003049,0.11976134712403011
SG_003051,0.1473427702834425
SG_003052,0.10018538689671648
SG_003059,0.29775380831027864
SG_003062,0.11133641635632742
SG_003065,0.12151741377020332
SG_003067,0.10227856684232788
SG_003071,0.12310826086591092
SG_003072,0.15402050319626867
SG_003073,0.21036269512582942
SG_003075,0.14822084754675627
SG_003080,0.07666677233029537
SG_003082,0.13283399610426677
SG_003084,0.17497752026191177
SG_003085,0.16238112042217379
SG_003088,0.16730919346030296
SG_003089,0.15494675115529127
SG_003096,0.1967996478625318
SG_003097,0.24481738086514146
SG_003102,0.12735668087182106
SG_003105,0.2568725882417279
SG_003107,0.07336893370654113
SG_003111,0.16980273315849725
SG_003116,0.17159018590920272
SG_003118,0.15937901748202138
SG_003125,0.08226601988279804
SG_003127,0.14655939082777064
SG_003133,0.23607182202336763
SG_003135,0.17447702845918406
SG_003137,0.1309909116131242
SG_003138,0.12472351294882078
SG_003139,0.20558085223978564
SG_003141,0.3383368545054218
SG_003144,0.2014210116562338
SG_003151,0.16786044318560997
SG_003154,0.12406428225098382
SG_003158,0.23623206742832564
SG_003160,0.1324845434383417
SG_003164,0.2201260753101473
SG_003168,0.10833202524175417
SG_003169,0.11651934446948445
SG_003174,0.06848682088542843
SG_003179,0.2201102196491775
SG_003184,0.1275456833389885
SG_003186,0.1094619419474871
SG_003193,0.1873318580781432
SG_003196,0.11804139663633123
SG_003198,0.25862981043347544
SG_003201,0.1366979206198149
SG_003204,0.27696551331356795
SG_003205,0.1195222023666387
SG_003206,0.09740038729967718
SG_003211,0.19998423401723361
SG_003214,0.18046135874343106
SG_003215,0.16031286890514146
SG_003216,0.19274712631254473
SG_003217,0.16012211381431532
SG_003219,0.11298310575788462
SG_003226,0.1890382992402106
SG_003227,0.17803628413482744
SG_003230,0.18314742666508663
SG_003231,0.1604459316165955
SG_003232,0.0926866803402295
SG_003234,0.12131796162779784
SG_003239,0.11278605759343942
SG_003241,0.05690963370140391
SG_003243,0.14031371681120183
SG_003250,0.13773759047519807
SG_003253,0.18148347130976142
SG_003256,0.14928686836274357
SG_003259,0.13232007670834128
SG_003266,0.1760266509100765
SG_003272,0.20999774057792792
SG_003273,0.12771830502336934
SG_003281,0.06996100850721451
SG_003284,0.17501720861710623
SG_003288,0.057255241738848925
SG_003293,0.13487551833287154
SG_003294,0.21844113570324208
SG_003295,0.2872697320221765
SG_003296,0.09742740305310922
SG_003301,0.17868636388680098
SG_003304,0.17262531304746484
SG_003305,0.20268213308129088
SG_003307,0.24677818709148247
SG_003310,0.2094736888261306
SG_003314,0.1345073436781851
SG_003321,0.1078687321860136
SG_003325,0.16409777272261233
SG_003328,0.2114704888409295
SG_003331,0.26485716791281033
SG_003332,0.17753879044896503
SG_003333,0.15959249883469806
SG_003340,0.1484732004862916
SG_003341,0.14632873776075953
SG_003342,0.14321833683695426
SG_003349,0.14396828222518163
SG_003355,0.12827649537862634
SG_003357,0.22874743954036086
SG_003361,0.13278038610566534
SG_003370,0.19868708528917867
SG_003371,0.1681500081498749
SG_003373,0.17580939949239938
SG_003374,0.29959905908566803
SG_003379,0.12022328204245535
SG_003388,0.09617766307792205
SG_003389,0.17200605458987053
SG_003390,0.08958444898459399
SG_003391,0.19173217742331122
SG_003392,0.1059337900511236
SG_003393,0.38893256771806906
SG_003397,0.08965494178294339
SG_003398,0.15069587629749226
SG_003399,0.1821565194440024
SG_003402,0.1937274035418458
SG_003404,0.15510967404911377
SG_003407,0.08599556441879991
SG_003408,0.1433272766803935
SG_003422,0.0948778556215054
SG_003426,0.18954173764165577
SG_003430,0.15551681874970408
SG_003434,0.05668094710272993
SG_003437,0.19950876694256858
SG_003439,0.0990420510904147
SG_003440,0.10232401843238481
SG_003441,0.06519763447864667
SG_003444,0.1971421587511968
SG_003447,0.19348791996914855
SG_003452,0.07522655170371
SG_003453,0.47085831864300953
SG_003464,0.18091283153124316
SG_003469,0.11992395468360353
SG_003475,0.17353749586652661
SG_003477,0.206577665808653
SG_003479,0.17613336964196324
SG_003480,0.15082230991219467
SG_003482,0.2699284203000481
SG_003483,0.29161800798783616
SG_003485,0.09965444900080156
SG_003486,0.2175891608602443
SG_003489,0.056014471384836964
SG_003491,0.1273312769023317
SG_003492,0.11419045299820277
SG_003493,0.10897539109570645
SG_003501,0.15162258591469044
SG_003505,0.12374501896570642
SG_003509,0.08479620713135758
SG_003517,0.19981058516562605
SG_003521,0.1156489366172162
SG_003526,0.09227406487394611
SG_003528,0.1319195831187671
SG_003532,0.12012021109975822
SG_003535,0.101905458532804
SG_003538,0.15609731480122133
SG_003541,0.0812315331303647
SG_003545,0.1315989011440893
SG_003548,0.12528819735919008
SG_003549,0.18892868221814227
SG_003554,0.08253024894920635
SG_003557,0.31796599927127656
SG_003566,0.20032174863592989
SG_003568,0.1607560193916236
SG_003572,0.18997971073984002
SG_003575,0.18470623605648556
SG_003578,0.11229074409356932
SG_003584,0.1405764523603672
SG_003585,0.14522733797669163
SG_003588,0.24131862477452376
SG_003589,0.2044144735971853
SG_003594,0.16382365961954093
SG_003597,0.14597741564314126
SG_003598,0.15751107062999944
SG_003601,0.2503001711322678
SG_003603,0.2091683717453105
SG_003610,0.14658478099722835
SG_003611,0.08635502316576954
SG_003613,0.1779485575946128
SG_003618,0.16248329091707917
SG_003619,0.12251514604333849
SG_003620,0.19110901467573216
SG_003625,0.24091328743626067
SG_003627,0.13096675219140175
SG_003628,0.14746678795196902
SG_003629,0.11969008818697795
SG_003637,0.28128213850341005
SG_003648,0.05836215631257136
SG_003650,0.07154054746984571
SG_003666,0.11253701237391806
SG_003668,0.16595459619785194
SG_003670,0.1828183096471262
SG_003671,0.06860878309322206
SG_003689,0.13735191066676522
SG_003691,0.08929385086605159
SG_003699,0.1996302201370341
SG_003702,0.15036333458425466
SG_003704,0.11942463339083871
SG_003705,0.1424456980743237
SG_003706,0.2160420285789848
SG_003708,0.06683202379597314
SG_003710,0.08077906442114044
SG_003711,0.09597858499066875
SG_003714,0.12705894248811794
SG_003715,0.23099998936655597
SG_003722,0.245523424136672
SG_003745,0.18530432523583737
SG_003746,0.15155598259133016
SG_003751,0.10436211392549008
SG_003754,0.17668151734129414
SG_003757,0.3210294258542126
SG_003758,0.18483308011711666
SG_003765,0.07624528623441806
SG_003767,0.12148313526634456
SG_003768,0.09759659676738526
SG_003769,0.10636981982171168
SG_003777,0.24650730717741443
SG_003783,0.13152871016777906
SG_003786,0.12950830236916955
SG_003787,0.1094958264363633
SG_003788,0.12014787573915643
SG_003792,0.08913364630941027
SG_003795,0.16167464052486075
SG_003806,0.18065041612440788
SG_003807,0.20322351647849884
SG_003809,0.16253973538400268
SG_003810,0.12507592683852822
SG_003812,0.2643577979024019
SG_003820,0.2224453383089983
SG_003822,0.10997591258276157
SG_003829,0.2277631489776979
SG_003835,0.05743399198580647
SG_003843,0.28302702167696986
SG_003844,0.2015376908139601
SG_003851,0.049777183897149774
SG_003852,0.24253348893296162
SG_003856,0.14482640505286032
SG_003860,0.1720067457289153
SG_003863,0.13517670312683294
SG_003865,0.2860138043514975
SG_003868,0.23065131597953292
SG_003869,0.08837215254709176
SG_003874,0.1395867440734336
SG_003878,0.23174323338494981
SG_003880,0.1500165821543104
SG_003881,0.15362045833772073
SG_003886,0.11945311343651252
SG_003896,0.1524144091619758
SG_003904,0.14627395725483205
SG_003905,0.25757416495417795
SG_003906,0.13746243579623554
SG_003907,0.1310916246444342
SG_003908,0.160800333031335
SG_003910,0.27338849648950875
SG_003917,0.17501507574737388
SG_003919,0.2505596132346813
SG_003920,0.15913229388685066
SG_003921,0.09964675850437621
SG_003922,0.2846911920825816
SG_003925,0.17681272398475847
SG_003926,0.14294249780086626
SG_003935,0.094739558822405
SG_003937,0.15140210825857817
SG_003940,0.17845997749154682
SG_003941,0.1438878596565449
SG_003945,0.3265257617167221
SG_003951,0.3588300916065189
SG_003958,0.07102448277031587
SG_003959,0.09281950335156147
SG_003961,0.22026076053809007
SG_003966,0.14410587545939382
SG_003967,0.120744887765877
SG_003969,0.1723887341083485
SG_003972,0.17299417114249005
SG_003977,0.15682781303767396
SG_003978,0.07158781724289379
SG_003979,0.2489790277800845
SG_003988,0.11159810595800956
SG_003992,0.22573121581539857
SG_003994,0.14077313244723041
SG_003995,0.1995305148617913
SG_004001,0.15702707261729643
SG_004002,0.127952286979244
SG_004011,0.08146147281040396
SG_004012,0.12363117850051071
SG_004016,0.27480924314746424
SG_004019,0.2012104159965193
SG_004034,0.17378648299095018
SG_004036,0.11102102367757045
SG_004041,0.30084986466074454
SG_004042,0.15282625172431408
SG_004045,0.09350361664019999
SG_004048,0.33137262575168835
SG_004049,0.06709919336481758
SG_004050,0.17513558096868553
SG_004054,0.20299660104874664
SG_004060,0.20847185134147125
SG_004063,0.11687764616204042
SG_004064,0.12602678152854607
SG_004065,0.2513086725569613
SG_004066,0.11215278620836071
SG_004071,0.135013273244181
SG_004074,0.09827736112070762
SG_004078,0.2660941622260886
SG_004079,0.0901611566287377
SG_004080,0.15290875404130833
SG_004081,0.23329591452454862
SG_004083,0.22057407977288476
SG_004087,0.11376662986652941
SG_004089,0.1417999552350382
SG_004091,0.1006065653816749
SG_004093,0.15779451094534178
SG_004094,0.20650324622585808
SG_004100,0.1269257041650716
SG_004107,0.1865898747075263
SG_004109,0.09037583947783276
SG_004110,0.18295501627202435
SG_004111,0.25886527292740164
SG_004123,0.08546143051319298
SG_004126,0.12289026411620393
SG_004127,0.08129850306890503
SG_004129,0.13510568574887072
SG_004130,0.12393353775505411
SG_004131,0.21990864259132156
SG_004136,0.12568971778181573
SG_004140,0.15510565550946787
SG_004149,0.1203731162939081
SG_004152,0.21414332214151735
SG_004155,0.2259788162860784
SG_004157,0.14789214300618514
SG_004163,0.22751502411028557
SG_004164,0.18622159873019636
SG_004168,0.13215856170644652
SG_004170,0.12858452059114847
SG_004171,0.11394619375849886
SG_004174,0.08663604420656401
SG_004175,0.1357350925207385
SG_004178,0.09235590085494987
SG_004181,0.1830434305984531
SG_004184,0.23453405998578386
SG_004186,0.19194855541104888
SG_004187,0.22167932461451792
SG_004191,0.12077251907507613
SG_004192,0.1460688509143409
SG_004197,0.16724151520105826
SG_004201,0.2767313808631104
SG_004204,0.2608313025798708
SG_004207,0.16199122031723867
SG_004209,0.24621121253383255
SG_004214,0.26672637750874256
SG_004218,0.14372183211202566
SG_004220,0.06517231940721388
SG_004223,0.11012899316993821
SG_004224,0.18330752546803092
SG_004225,0.1621799630960935
SG_004228,0.08500849802165739
SG_004229,0.12275296556785045
SG_004230,0.15066103794813318
SG_004235,0.06393389122946723
SG_004238,0.14659833661109806
SG_004239,0.29583345338624856
SG_004244,0.1843145501917339
SG_004253,0.192018664975801
SG_004256,0.13749444952447826
SG_004257,0.28184985575459653
SG_004258,0.2530261286389381
SG_004262,0.21335213130099154
SG_004263,0.20077835173703473
SG_004265,0.13198089064757673
SG_004268,0.13625374111540903
SG_004269,0.12480906355834162
SG_004271,0.15880273291235203
SG_004286,0.17335443885480684
SG_004289,0.1375295786814323
SG_004290,0.1823308791200716
SG_004291,0.2224293950148219
SG_004297,0.16095554583219723
SG_004300,0.24208245574952808
SG_004302,0.17046451136940116
SG_004305,0.18950930565242663
SG_004306,0.28478328755211574
SG_004312,0.23004091428588888
SG_004313,0.09645360506031876
SG_004315,0.20873962973439772
SG_004320,0.1014660885364741
SG_004321,0.2601161557457872
SG_004322,0.08578014601765321
SG_004325,0.18178173588083923
SG_004326,0.13392625013404524
SG_004339,0.14130912631968376
SG_004342,0.16914520032573704
SG_004347,0.22303712893787367
SG_004348,0.18003861715008468
SG_004349,0.17994186395676637
SG_004350,0.27804951393349026
SG_004357,0.10777512680918522
SG_004358,0.1426204298861366
SG_004359,0.1815590183614764
SG_004362,0.21359457330161388
SG_004365,0.11650298749006657
SG_004368,0.2153654055774383
SG_004369,0.1841158990918844
SG_004370,0.11270462312905502
SG_004378,0.22264153680089135
SG_004379,0.13161221994992642
SG_004388,0.203357375294748
SG_004390,0.10465193332374872
SG_004391,0.12911987301645902
SG_004401,0.13578134330106947
SG_004404,0.3780656547485219
SG_004405,0.14349720586538076
SG_004406,0.12704407571589557
SG_004408,0.12298178828941253
SG_004415,0.11073793315829816
SG_004417,0.09648616794179506
SG_004419,0.11606944194883807
SG_004420,0.33927354098453566
SG_004422,0.13754970895523094
SG_004423,0.14121457153700906
SG_004426,0.09124537411557038
SG_004427,0.10799943674983434
SG_004429,0.15630973328406692
SG_004432,0.09459643578898035
SG_004439,0.24450102936009008
SG_004445,0.17098300632311025
SG_004447,0.17439733921685185
SG_004448,0.08236403310264603
SG_004451,0.2193438352334256
SG_004457,0.2633203709012484
SG_004458,0.06950599976503649
SG_004460,0.13156068245764044
SG_004461,0.29831595069595196
SG_004462,0.0836993696926123
SG_004464,0.14555791741466684
SG_004465,0.15018186536345376
SG_004469,0.08854970564917754
SG_004474,0.16971195556060237
SG_004475,0.11312303054906414
SG_004476,0.09862339587167637
SG_004477,0.21530669182410392
SG_004480,0.30395914797807344
SG_004482,0.18667330041336744
SG_004484,0.13012714800408343
SG_004486,0.0970893650481246
SG_004494,0.3594633135376559
SG_004504,0.10212144001641646
SG_004508,0.2379583860242041
SG_004509,0.3537864709550707
SG_004511,0.1764786195002777
SG_004514,0.13790264459251242
SG_004515,0.1908998868462885
SG_004518,0.12373692798190983
SG_004521,0.06575914879547833
SG_004526,0.1621920619865829
SG_004530,0.1671790636621015
SG_004534,0.17625189712526504
SG_004536,0.10388513503075078
SG_004538,0.14061201428507794
SG_004539,0.3071466711139412
SG_004541,0.18006608204472105
SG_004549,0.14352464500868428
SG_004552,0.1723560526668414
SG_004553,0.14245517760686946
SG_004556,0.1272244463894235
SG_004559,0.14616775645663013
SG_004562,0.16998842391459876
SG_004565,0.13378986386527347
SG_004568,0.1470424632517668
SG_004576,0.1644638593069685
SG_004577,0.14703681382600187
SG_004593,0.2049016307699022
SG_004594,0.2159348939681197
SG_004600,0.20467645409414198
SG_004602,0.25428296812174234
SG_004608,0.1806745338823276
SG_004609,0.20238484418749125
SG_004612,0.1787504680425424
SG_004614,0.09326924104786724
SG_004617,0.10444871236402328
SG_004620,0.08034585304806455
SG_004623,0.13982885219219493
SG_004626,0.22370298884209033
SG_004631,0.2234316676722038
SG_004632,0.09661152200109868
SG_004633,0.1899474505782326
SG_004635,0.20948891694176286
SG_004637,0.15138477626246982
SG_004638,0.12828943121787784
SG_004641,0.18385444102909881
SG_004645,0.18101216616599375
SG_004652,0.1376003041330653
SG_004653,0.1099042142318551
SG_004655,0.17814086358858955
SG_004656,0.1237480464209424
SG_004658,0.13746520363519088
SG_004659,0.10339467266966387
SG_004662,0.156710854011623
SG_004664,0.12567656172388264
SG_004668,0.1499564195250947
SG_004669,0.1865509553935951
SG_004672,0.2076320437733663
SG_004676,0.16389491845250337
SG_004682,0.09345181498721142
SG_004685,0.335532652323281
SG_004689,0.10696900130123091
SG_004695,0.13272627282395305
SG_004697,0.1296392463898746
SG_004700,0.11808559578169996
SG_004701,0.33416982307756815
SG_004709,0.2337617504557156
SG_004710,0.13001639355733458
SG_004712,0.12568791082507683
SG_004716,0.1700772748255021
SG_004720,0.068504145880959
SG_004721,0.08482572808660027
SG_004723,0.13984754052449677
SG_004731,0.25102949612873093
SG_004736,0.2188404754468246
SG_004737,0.23396271713291678
SG_004738,0.12698108604259326
SG_004739,0.23472001425728253
SG_004742,0.16018544165366883
SG_004751,0.18373150882287226
SG_004753,0.09294024719611083
SG_004755,0.24354481446989268
SG_004757,0.15444817125667673
SG_004760,0.1003362422755397
SG_004761,0.07353351356289979
SG_004762,0.13442033079306173
SG_004763,0.22654717651022815
SG_004764,0.2616013679334449
SG_004766,0.173986074372098
SG_004769,0.0790194998471376
SG_004772,0.13606452949234288
SG_004773,0.15757367569544967
SG_004782,0.09921402186921578
SG_004784,0.1366804834270096
SG_004786,0.2909319094915646
SG_004787,0.22098003944563877
SG_004789,0.06196794903595554
SG_004797,0.1831157957634476
SG_004798,0.18996351371441558
SG_004799,0.22063449316755054
SG_004801,0.30953023686592135
SG_004804,0.24334982163204527
SG_004813,0.1232255685491378
SG_004816,0.33670328223881285
SG_004817,0.11002773155960897
SG_004818,0.22092176503846372
SG_004821,0.11510107060496147
SG_004827,0.18537185186632826
SG_004828,0.13928893500132794
SG_004829,0.17623872865866907
SG_004830,0.35668951566384655
SG_004831,0.17168006569907623
SG_004836,0.14998157784185373
SG_004840,0.10694182937090799
SG_004842,0.13585285604215475
SG_004844,0.11043386226368525
SG_004846,0.18853382043198783
SG_004853,0.1588998302708776
SG_004855,0.1843282670208903
SG_004856,0.13951404381057528
SG_004866,0.0821514614837155
SG_004867,0.07500700982348175
SG_004868,0.40400415215800933
SG_004873,0.24438609976249132
SG_004877,0.10837233446719881
SG_004881,0.14831166537554574
SG_004882,0.1867120024165936
SG_004887,0.1612481503146882
SG_004898,0.3547829266002404
SG_004900,0.19987016554151033
SG_004906,0.3018270769771173
SG_004907,0.17521252554753491
SG_004912,0.16811340170320405
SG_004913,0.08975595890672318
SG_004919,0.12652345158850195
SG_004922,0.19732387960305683
SG_004923,0.18626010995775313
SG_004925,0.12582648423254822
SG_004927,0.22684694625606508
SG_004929,0.26077335435726273
SG_004930,0.2909278041672674
SG_004939,0.18778760058793434
SG_004942,0.09318133606325923
SG_004944,0.14373747311820712
SG_004945,0.13042521328098275
SG_004959,0.17095928724787945
SG_004960,0.17791555377415813
SG_004964,0.10693327424161549
SG_004968,0.22967817718902547
SG_004969,0.14799348933361967
SG_004973,0.25828373043701897
SG_004975,0.19460269925775014
SG_004981,0.23352497440640485
SG_004985,0.323677531103677
SG_004988,0.12872135742348945
SG_004990,0.10587062833756078
SG_004993,0.12568837558698848
SG_004997,0.09221760072142546
SG_005000,0.0749739252412134
SG_005002,0.3790381380360684
SG_005004,0.23416696912914206
SG_005011,0.24675695830655556
SG_005013,0.0898175198656789
SG_005018,0.1384177403271322
SG_005019,0.12132550516856905
SG_005020,0.12668129452915905
SG_005022,0.0871046500944977
SG_005027,0.12044937413085754
SG_005029,0.08868542453315906
SG_005030,0.13738216780009216
SG_005031,0.12643344764188796
SG_005033,0.09423098641664522
SG_005037,0.10029701119850862
SG_005041,0.11618720187919929
SG_005048,0.1747752789751777
SG_005049,0.14463228279882123
SG_005052,0.1432270569672435
SG_005057,0.16818524867604032
SG_005058,0.1399607838091421
SG_005062,0.3172537248190432
SG_005080,0.10686224317058579
SG_005085,0.07053306152731725
SG_005086,0.27261676544776703
SG_005089,0.21731835217707546
SG_005090,0.1161613065874165
SG_005091,0.36762649543184894
SG_005094,0.1983790756228386
SG_005097,0.20850945229100518
SG_005098,0.13058790033019507
SG_005100,0.21627472208730383
SG_005101,0.22238983786430463
SG_005102,0.21759133467692235
SG_005108,0.3440572170231968
SG_005110,0.33932080803897424
SG_005114,0.1324074750199485
SG_005120,0.15617165742937716
SG_005122,0.22213817446597667
SG_005123,0.15734908585085874
SG_005126,0.192046662191514
SG_005131,0.10716528286428417
SG_005132,0.06789152939137413
SG_005134,0.14120710283370858
SG_005137,0.11357104854308019
SG_005140,0.2144119004166358
SG_005141,0.1614291831672045
SG_005142,0.17838399510203076
SG_005143,0.08903854370909198
SG_005148,0.20470176020123237
SG_005161,0.1836551527862212
SG_005168,0.24031862763490602
SG_005170,0.0950774372785002
SG_005171,0.19200905478348945
SG_005174,0.21857698733815298
SG_005175,0.12118497414618945
SG_005178,0.1798537877082303
SG_005179,0.06901818166909979
SG_005188,0.17988286037007742
SG_005190,0.21944269081915246
SG_005191,0.07065103953703884
SG_005194,0.21688345489679156
SG_005196,0.1201437638447025
SG_005199,0.12239288488459575
SG_005200,0.09911181343031639
SG_005203,0.145344054287848
SG_005205,0.21251593189515047
SG_005213,0.08765291901048046
SG_005214,0.1854322192247087
SG_005216,0.17583514900087185
SG_005220,0.11564621829210203
SG_005224,0.11985028092551157
SG_005228,0.17562409669452012
SG_005233,0.14914142524619134
SG_005235,0.20948012426949167
SG_005240,0.07254683663727886
SG_005241,0.14932350593411084
SG_005246,0.13128901834581194
SG_005247,0.17616292195381555
SG_005248,0.11513241056003602
SG_005250,0.16078045992805387
SG_005251,0.11235441340954859
SG_005253,0.18880296496374255
SG_005255,0.08264465054630633
SG_005264,0.2200443622980335
SG_005268,0.061707372803429444
SG_005270,0.17098400594425353
SG_005277,0.3154670132393409
SG_005282,0.10091795299108183
SG_005283,0.1633430984221516
SG_005284,0.21478391259826174
SG_005287,0.23185277339274138
SG_005289,0.18555002417780142
SG_005291,0.20276994229922468
SG_005292,0.08494675920750717
SG_005296,0.12074313976273006
SG_005302,0.14056756122574257
SG_005305,0.16325361386304277
SG_005311,0.21879696582404543
SG_005312,0.18306848657803196
SG_005313,0.1843778886681018
SG_005316,0.1826642479043324
SG_005320,0.22779392955387362
SG_005321,0.20501098492242142
SG_005322,0.23406814527574676
SG_005323,0.2036188622394509
SG_005325,0.11557518674783265
SG_005328,0.10415465644784302
SG_005329,0.1268225697280908
SG_005332,0.22053255252612314
SG_005333,0.28607874994956434
SG_005335,0.12210469528366079
SG_005340,0.17365974961029382
SG_005341,0.14868760369866316
SG_005346,0.1675446301633542
SG_005350,0.3911161720010782
SG_005351,0.11345512604585604
SG_005353,0.06305661010577356
SG_005356,0.09412368173008155
SG_005360,0.2406994993974581
SG_005362,0.13228233638497688
SG_005363,0.08027717446015395
SG_005365,0.17502338180054647
SG_005371,0.1546639929678697
SG_005372,0.17587802166425354
SG_005376,0.21102201797886672
SG_005378,0.15265859288626302
SG_005379,0.0769114776332271
SG_005380,0.23425854038449678
SG_005384,0.25207446468997663
SG_005386,0.07550738803915068
SG_005387,0.2803591672099183
SG_005397,0.18523725080780457
SG_005401,0.1806168556177038
SG_005408,0.2580969736762089
SG_005412,0.15152172050704513
SG_005414,0.23338257583884547
SG_005421,0.13287688446555143
SG_005424,0.1340166197487371
SG_005428,0.20482960594991884
SG_005432,0.11997902565368956
SG_005439,0.2592205902246106
SG_005444,0.11576091011999681
SG_005445,0.15652657355335686
SG_005446,0.1533667822772803
SG_005447,0.35570825189653843
SG_005449,0.13904409156375014
SG_005450,0.17655909081495058
SG_005451,0.19546999776954202
SG_005452,0.1344707152687814
SG_005456,0.1776700814980237
SG_005457,0.09525955931275717
SG_005459,0.060626649105993934
SG_005460,0.1919479101227481
SG_005465,0.2741805908214541
SG_005466,0.20790796366443193
SG_005470,0.3173771674016017
SG_005473,0.21822099686899377
SG_005477,0.18070074654637241
SG_005486,0.13517693144089704
SG_005489,0.15858721617827104
SG_005491,0.3655458591596179
SG_005496,0.16083248342173173
SG_005497,0.25665131910139033
SG_005499,0.12686263237351408
SG_005503,0.1303054179961139
SG_005504,0.13243738679202843
SG_005506,0.13883456516204676
SG_005510,0.13109272011064113
SG_005511,0.408736551065087
SG_005515,0.0995978680595361
SG_005518,0.23954304788462435
SG_005519,0.2458365580422702
SG_005524,0.17631103253450736
SG_005529,0.19759234983470556
SG_005530,0.15108583481332064
SG_005531,0.1410857420356994
SG_005532,0.10155199810588814
SG_005534,0.15637688189733384
SG_005535,0.12117757517110811
SG_005541,0.1819533876170098
SG_005542,0.13567204515894912
SG_005550,0.07796845394764844
SG_005555,0.09994631761854439
SG_005557,0.11959789662194278
SG_005565,0.13406101060288655
SG_005569,0.1169984780920823
SG_005572,0.12429318759253795
SG_005575,0.14095085361752277
SG_005579,0.3856082959648022
SG_005580,0.1452347827828711
SG_005583,0.10531626918557105
SG_005591,0.2486477760342133
SG_005592,0.10615206299662266
SG_005593,0.18434882051812218
SG_005594,0.13316234141204886
SG_005599,0.16345293741196976
SG_005603,0.23675403747671153
SG_005606,0.11254238529861671
SG_005611,0.16968645646316036
SG_005615,0.3884539517649819
SG_005622,0.24926595905005677
SG_005625,0.19403279462271775
SG_005630,0.20796671301600952
SG_005634,0.16069398504595864
SG_005635,0.22550146384171346
SG_005636,0.26691902834398656
SG_005638,0.25207624453075195
SG_005640,0.1866385721914538
SG_005643,0.1325481395371096
SG_005644,0.1050566242778193
SG_005645,0.1508521195555222
SG_005650,0.18316055063559195
SG_005654,0.2543035205648606
SG_005655,0.06138975947367568
SG_005656,0.15433252481572296
SG_005661,0.3063393930557985
SG_005664,0.1056107140621442
SG_005666,0.16443280893462378
SG_005671,0.13569587507517086
SG_005681,0.165199920490789
SG_005683,0.2568150634537726
SG_005687,0.14534005813794876
SG_005688,0.18886467914543012
SG_005691,0.12738026269484776
SG_005692,0.20528919406568433
SG_005693,0.16144331626192124
SG_005694,0.27673874152444033
SG_005696,0.13368251437944223
SG_005703,0.07061000940991288
SG_005704,0.3357757863318403
SG_005706,0.2327131633297574
SG_005707,0.21102680279047853
SG_005713,0.07687720628248007
SG_005715,0.17458630221945448
SG_005719,0.1460851514208946
SG_005722,0.05757071181803051
SG_005724,0.20024017060162141
SG_005725,0.16156796542527108
SG_005726,0.10551691708834968
SG_005730,0.2361839129032483
SG_005735,0.11529982141553866
SG_005736,0.1435683786101467
SG_005740,0.19230936218217576
SG_005748,0.1902686949969471
SG_005750,0.17585335475125158
SG_005753,0.1894470079502359
SG_005758,0.09920358478950986
SG_005759,0.11462171473435563
SG_005764,0.11223264883387203
SG_005765,0.06266081181268114
SG_005772,0.21177784021752252
SG_005773,0.0675169730280887
SG_005776,0.1465205934211528
SG_005778,0.15762841144629408
SG_005784,0.15918157260378796
SG_005786,0.15265620074075625
SG_005789,0.1896828381914356
SG_005794,0.13575160715231777
SG_005796,0.16365102291265426
SG_005801,0.17905130726890595
SG_005807,0.07902296635554135
SG_005809,0.09688618031088406
SG_005811,0.17515074023369762
SG_005813,0.10194041963440931
SG_005814,0.24607491900848275
SG_005817,0.10156621642977895
SG_005818,0.1262212439154777
SG_005820,0.09514873186635958
SG_005821,0.12361014258950517
SG_005824,0.09392154060925209
SG_005825,0.10915986018838901
SG_005827,0.14947128155906275
SG_005828,0.1791045446621262
SG_005830,0.13620851331378497
SG_005838,0.30379835268467126
SG_005840,0.2726056765412479
SG_005842,0.19046180498179555
SG_005846,0.07763084579635175
SG_005847,0.07352049976674423
SG_005848,0.15645906932709644
SG_005857,0.25498352548452885
SG_005861,0.12346199759768876
SG_005862,0.1742282438604808
SG_005871,0.08476789907554208
SG_005872,0.2246671361038412
SG_005873,0.12005779436297169
SG_005874,0.12586472839174737
SG_005875,0.14874581385029956
SG_005877,0.12329838909065918
SG_005880,0.10962923234203929
SG_005884,0.12665338527351072
SG_005892,0.3534247130461836
SG_005894,0.1504892545813494
SG_005898,0.20122188128884325
SG_005899,0.13500537618010405
SG_005905,0.18345682391515827
SG_005909,0.06012187261010128
SG_005910,0.20294259328947134
SG_005920,0.13007013236010243
SG_005921,0.2750683287406986
SG_005922,0.13006280876895354
SG_005925,0.13445521627428622
SG_005928,0.1776734834977362
SG_005932,0.07097272466654653
SG_005934,0.19879933408312672
SG_005935,0.10465140328642979
SG_005937,0.16905533698204697
SG_005939,0.1264576007263908
SG_005943,0.18656421040569224
SG_005951,0.10550762952525108
SG_005955,0.1909365551595626
SG_005959,0.2433971877624633
SG_005966,0.13589981940527718
SG_005967,0.36651936200724533
SG_005969,0.2675130014162198
SG_005976,0.311011549926208
SG_005977,0.15062067308942445
SG_005979,0.19607054056307305
SG_005980,0.1927485698110537
SG_005985,0.2751418140331133
SG_005986,0.2814468457717603
SG_005991,0.3341022612658562
SG_005999,0.10933461121735932
SG_006000,0.17066054486151008
SG_006004,0.2315273597386865
SG_006009,0.22928879875195446
SG_006012,0.1526630898075025
SG_006013,0.12930416211527174
SG_006022,0.15616955141182198
SG_006023,0.17517872284191205
SG_006026,0.14531592336851137
SG_006028,0.1786595480420763
SG_006029,0.187664555344226
SG_006033,0.19052421646676482
SG_006035,0.08346774450477819
SG_006036,0.13809398737675793
SG_006038,0.16470588700983085
SG_006039,0.2690228389592529
SG_006041,0.08030834960690131
SG_006047,0.15847857423903056
SG_006049,0.16395655649494537
SG_006050,0.19169659461903488
SG_006054,0.0799104572060641
SG_006063,0.16499129872277501
SG_006067,0.28601979973726865
SG_006069,0.27292283806413214
SG_006073,0.0871592248416128
SG_006074,0.08947824856551032
SG_006075,0.1507031905896834
SG_006076,0.138603275915436
SG_006077,0.28029535284728313
SG_006079,0.21701787089440527
SG_006081,0.11983561349883265
SG_006086,0.11231987749990041
SG_006092,0.13879119109148252
SG_006095,0.20031067649489476
SG_006097,0.19369472776595348
SG_006099,0.32259528033731205
SG_006101,0.1557760677672722
SG_006112,0.22821568835358316
SG_006122,0.15384917162564038
SG_006127,0.14424482352831777
SG_006131,0.09535203086355776
SG_006133,0.11663789329254866
SG_006136,0.09743616820384128
SG_006137,0.16855913637052183
SG_006140,0.19791100304445491
SG_006143,0.14188075879498635
SG_006148,0.11472016247592151
SG_006150,0.17238265606371983
SG_006151,0.2380492288361202
SG_006154,0.0558653683452285
SG_006161,0.11491688964835886
SG_006163,0.16399505503123918
SG_006169,0.1717333572096819
SG_006170,0.10779446944494622
SG_006179,0.14402794641566902
SG_006181,0.16865788345720933
SG_006184,0.13457466275741953
SG_006187,0.07951273718623596
SG_006189,0.22698901919133244
SG_006197,0.13369386807871173
SG_006202,0.14042867122621258
SG_006206,0.11100270210082769
SG_006212,0.15697863475157228
SG_006213,0.13889733179568672
SG_006218,0.12594801406719955
SG_006222,0.11661341350018951
SG_006224,0.11296877504117972
SG_006225,0.29583967412203427
SG_006226,0.3199602467393001
SG_006229,0.08296420329142813
SG_006237,0.24730475021624004
SG_006238,0.06206122456619015
SG_006240,0.07545280044973136
SG_006241,0.12118217522490077
SG_006242,0.12720370023986177
SG_006244,0.19016305693553684
SG_006245,0.10497781404787808
SG_006247,0.18266978612542734
SG_006250,0.19035520162511382
SG_006251,0.1499889380808201
SG_006252,0.18123262766974735
SG_006254,0.12051204831631784
SG_006256,0.22945582167577885
SG_006260,0.11621847163867055
SG_006262,0.21652170676069843
SG_006263,0.1436897765492026
SG_006264,0.13335922447608053
SG_006266,0.3612568014828674
SG_006269,0.2091666477283219
SG_006275,0.26708317995516734
SG_006277,0.09586961073366478
SG_006283,0.15069733551376138
SG_006284,0.11045077283603831
SG_006287,0.16500985755808809
SG_006288,0.16877326713550142
SG_006300,0.15493393599151595
SG_006301,0.08661868406157303
SG_006304,0.14006595090574303
SG_006306,0.17093896461810693
SG_006313,0.12353887483954955
SG_006315,0.14664796051843698
SG_006317,0.192654305907888
SG_006320,0.14414833574285224
SG_006322,0.3649990671386881
SG_006326,0.1915232212261092
SG_006328,0.19224125803352643
SG_006331,0.14094562250465667
SG_006337,0.16955640331528077
SG_006340,0.2633457654787873
SG_006345,0.1471634963417424
SG_006348,0.10675761801197334
SG_006349,0.15691752802983747
SG_006356,0.22041686064443092
SG_006357,0.11482637827523808
SG_006358,0.15304798562976085
SG_006360,0.21129890272536994
SG_006371,0.15155732245796072
SG_006373,0.23568497678382117
SG_006380,0.13361410431330256
SG_006382,0.179920372485198
SG_006388,0.059496476201049996
SG_006393,0.15605261988651017
SG_006394,0.17751431843560112
SG_006396,0.07758281152063468
SG_006398,0.112806345107437
SG_006400,0.12235149352143493
SG_006403,0.1622275126624886
SG_006404,0.13144173733481998
SG_006411,0.09978887571791788
SG_006417,0.17047213269072825
SG_006418,0.2155319148057524
SG_006420,0.22041942642004955
SG_006421,0.11368911226168045
SG_006423,0.08699778640720457
SG_006424,0.16900118211594037
SG_006429,0.21061640484806018
SG_006435,0.12263074980816004
SG_006438,0.1265315024616875
SG_006439,0.21905494155354027
SG_006441,0.09699616283520329
SG_006445,0.12169841001046713
SG_006446,0.1831940523907831
SG_006448,0.17346406490537591
SG_006451,0.10965262024696575
SG_006452,0.17054968366418835
SG_006455,0.18216126092847681
SG_006463,0.23956324756198916
SG_006467,0.1622491863816723
SG_006469,0.19423938388248976
SG_006470,0.12846579384661272
SG_006477,0.1103163038839344
SG_006480,0.28931964972339674
SG_006486,0.13623331857670745
SG_006487,0.0931042984713421
SG_006488,0.16750092396069596
SG_006490,0.26156157233292343
SG_006491,0.24431319691857412
SG_006493,0.16897821222092066
SG_006494,0.13545051974954556
SG_006496,0.10599139106135823
SG_006497,0.3127633093862393
SG_006498,0.2105519789140628
SG_006500,0.23328087978483522
SG_006502,0.09027685068425384
SG_006503,0.1722955641217187
SG_006505,0.27818614724805873
SG_006506,0.21284908824772636
SG_006507,0.11636924053735365
SG_006512,0.08086107555206165
SG_006516,0.1685484925138789
SG_006520,0.12161372976263368
SG_006522,0.12448107734812325
SG_006528,0.17733750117204206
SG_006534,0.16284618347251967
SG_006535,0.11886604302288296
SG_006536,0.22675170878720874
SG_006537,0.1355762165816263
SG_006539,0.2528055406156991
SG_006541,0.15054725912970374
SG_006543,0.1900939302919267
SG_006545,0.2115123821378589
SG_006548,0.17954290243215826
SG_006550,0.08849180824427574
SG_006551,0.0813986876670338
SG_006557,0.16232422231899563
SG_006560,0.07825211908573933
SG_006564,0.2676322295092881
SG_006566,0.16167987831918812
SG_006567,0.12685626916371243
SG_006577,0.10612021924718094
SG_006579,0.12494419352095444
SG_006581,0.08712832353338419
SG_006588,0.10300908051669078
SG_006592,0.22849185644422038
SG_006597,0.0877759555636807
SG_006601,0.14074371950781578
SG_006607,0.0793640081390959
SG_006608,0.10193592383920552
SG_006610,0.13907930310828345
SG_006615,0.16336329019450668
SG_006616,0.13513235025960704
SG_006620,0.12911375120323418
SG_006622,0.12215959973528077
SG_006623,0.18760870596959175
SG_006624,0.13641473511456415
SG_006626,0.14997911573041983
SG_006627,0.27708596578771866
SG_006633,0.08049136985312584
SG_006637,0.20001221461750793
SG_006638,0.20156007892835615
SG_006639,0.14940437700578324
SG_006644,0.17955310642572264
SG_006645,0.1875627304338579
SG_006651,0.1859465899192591
SG_006659,0.12177585624337106
SG_006664,0.14010343226266886
SG_006668,0.14853245360073566
SG_006673,0.12624227620715664
SG_006687,0.15618023354982374
SG_006688,0.2440617983728394
SG_006690,0.1727215371282243
SG_006693,0.15659303088352827
SG_006698,0.09509491647143335
SG_006700,0.21167282952797747
SG_006706,0.10222538137219978
SG_006710,0.10474795757503273
SG_006713,0.14024048705153574
SG_006716,0.1836325691873229
SG_006728,0.11174181253652284
SG_006734,0.23812668933379144
SG_006736,0.1973785935429091
SG_006744,0.17111470085901626
SG_006745,0.11474998586780905
SG_006749,0.16700292206768666
SG_006758,0.1597073107931594
SG_006760,0.1490250034268058
SG_006765,0.22297153531793573
SG_006766,0.20476605478651141
SG_006769,0.13598123538155793
SG_006778,0.14511410560929802
SG_006780,0.09586026309176637
SG_006781,0.14890306935391556
SG_006786,0.2136282688312084
SG_006789,0.14543140266133367
SG_006792,0.19304784654441737
SG_006793,0.08602872542307395
SG_006800,0.23737458514976756
SG_006802,0.16660524194977652
SG_006808,0.10708509386637508
SG_006820,0.15018736365502372
SG_006833,0.09589091897767665
SG_006835,0.17470580257758916
SG_006837,0.10869653676342299
SG_006841,0.15590026715614602
SG_006847,0.18232182930267998
SG_006848,0.1300510254348209
SG_006851,0.12513311509830813
SG_006852,0.2250325509706972
SG_006860,0.15766695140223771
SG_006861,0.12842307418531734
SG_006863,0.09187678849636914
SG_006866,0.10814131520619283
SG_006868,0.18989179654102128
SG_006874,0.12977466115351846
SG_006877,0.12627749587962075
SG_006879,0.13205416842848483
SG_006880,0.146082664464834
SG_006881,0.14287985415973398
SG_006889,0.07562603542037385
SG_006890,0.2207799928005863
SG_006897,0.362476352834846
SG_006901,0.1699292137932203
SG_006908,0.1440044471372434
SG_006910,0.15122025140579565
SG_006914,0.2943582255312208
SG_006918,0.14945863592999886
SG_006924,0.11708620980241696
SG_006925,0.24736632308501028
SG_006927,0.13866121697397737
SG_006929,0.13240169438940316
SG_006937,0.18728228134805316
SG_006938,0.09012570060763131
SG_006940,0.18588116297873405
SG_006942,0.11603214591781288
SG_006945,0.0887991488235238
SG_006949,0.176887841914352
SG_006950,0.2882483896364979
SG_006951,0.19902270484136947
SG_006953,0.10217993263231469
SG_006954,0.12724668029106348
SG_006956,0.2349743323496566
SG_006957,0.32386230850232506
SG_006962,0.19621804600107065
SG_006963,0.08100005469313415
SG_006964,0.15615697414413307
SG_006966,0.09836191096484677
SG_006970,0.13144309349898348
SG_006971,0.2733072991713114
SG_006972,0.12892505059530376
SG_006974,0.2718485960468663
SG_006977,0.14529033200800506
SG_006978,0.11755041647121682
SG_006981,0.30424398385165885
SG_006982,0.3895390010667615
SG_006983,0.08182497971217778
SG_006984,0.11625873549831085
SG_006987,0.13800318872975445
SG_006994,0.12592676269868153
SG_006997,0.09914473276260644
SG_007002,0.22587768039519743
SG_007005,0.18371296579952437
SG_007009,0.1813074432138895
SG_007011,0.3183446735659906
SG_007017,0.11340956646460361
SG_007018,0.09475648221303337
SG_007019,0.10332525824751865
SG_007029,0.17101414054642738
SG_007030,0.09280427771013297
SG_007033,0.15690176354362834
SG_007040,0.11099789322847467
SG_007047,0.32813336377804275
SG_007054,0.09163031371003391
SG_007055,0.21158813881692318
SG_007056,0.18303141029063663
SG_007061,0.1622135942759939
SG_007062,0.1483108644307919
SG_007067,0.15102049804862225
SG_007068,0.16200478762664589
SG_007069,0.19798201005909907
SG_007073,0.10172075990354966
SG_007075,0.1994927980983004
SG_007076,0.07450683538983356
SG_007078,0.15827701283351667
SG_007080,0.11362059051113932
SG_007091,0.13678948898361346
SG_007095,0.17803585842865496
SG_007100,0.16660468672749634
SG_007104,0.1656540891884792
SG_007112,0.1345607685649535
SG_007114,0.16753851075826093
SG_007127,0.0698319824860591
SG_007130,0.12187636634153849
SG_007133,0.21083115812109648
SG_007136,0.12618638974306748
SG_007138,0.2423884588506723
SG_007139,0.11932637600438314
SG_007143,0.13897220440922672
SG_007146,0.1581566384979271
SG_007150,0.11398582177728198
SG_007155,0.14117530230587966
SG_007157,0.14766142086991763
SG_007160,0.29073937591331384
SG_007162,0.13250245659499335
SG_007163,0.18922450829668133
SG_007166,0.22362123083818647
SG_007168,0.1112815007244892
SG_007170,0.10528083743558359
SG_007179,0.09677491488894456
SG_007181,0.08456776428646559
SG_007183,0.17932654102574797
SG_007186,0.10489763370296377
SG_007202,0.1187621278425079
SG_007203,0.23085263898136332
SG_007204,0.1451798992328446
SG_007205,0.23697740478811719
SG_007210,0.3495749502946746
SG_007212,0.2008501216308259
SG_007215,0.051513671098287556
SG_007218,0.20965305906696088
SG_007226,0.15056196991665954
SG_007229,0.14543510777556878
SG_007231,0.3287147775249054
SG_007234,0.15204350654844448
SG_007237,0.3206628889011368
SG_007239,0.09020706414570333
SG_007240,0.15870782609923373
SG_007249,0.1871681158276421
SG_007252,0.08529867576402927
SG_007255,0.10356787741753302
SG_007256,0.16436188323128353
SG_007257,0.22562772416916232
SG_007263,0.19792852470304206
SG_007264,0.12535379956804207
SG_007265,0.15783951055507178
SG_007268,0.13337159494049913
SG_007271,0.1725711483579771
SG_007275,0.1382038465576606
SG_007280,0.17058917084741976
SG_007281,0.18900262671436674
SG_007282,0.1601725272877254
SG_007283,0.08677757871062751
SG_007287,0.15001076823169918
SG_007288,0.16063212382452552
SG_007301,0.2535501218465438
SG_007307,0.1889437130168691
SG_007310,0.1231471491181432
SG_007312,0.15480584758601898
SG_007314,0.28990142499561766
SG_007319,0.198763718562177
SG_007326,0.1419162688116044
SG_007331,0.11837236941640113
SG_007333,0.23230930856647442
SG_007334,0.24045951579147937
SG_007338,0.07212991885915607
SG_007340,0.22563116143762524
SG_007345,0.08484935607290547
SG_007349,0.13620414094431665
SG_007356,0.120649585830978
SG_007358,0.058690943052278885
SG_007368,0.13054858716815432
SG_007370,0.08368558999176554
SG_007371,0.22060861937691661
SG_007372,0.16270707017958455
SG_007375,0.1405645374481321
SG_007378,0.12121593257962476
SG_007379,0.14035377836834054
SG_007380,0.21360269266588502
SG_007383,0.08411367752470435
SG_007384,0.19962481245502456
SG_007389,0.1852004245291342
SG_007390,0.13322611817134672
SG_007401,0.2602405828246492
SG_007403,0.16532161950727353
SG_007406,0.09473225658450138
SG_007409,0.2752760179307571
SG_007410,0.3524623386337583
SG_007413,0.18872584044732427
SG_007416,0.16277827880141818
SG_007419,0.12408631982838106
SG_007420,0.28630843083693774
SG_007423,0.2060286164768127
SG_007424,0.34275013386967507
SG_007428,0.22273610081796083
SG_007433,0.191088108279442
SG_007434,0.06480748954019713
SG_007437,0.16235503288260406
SG_007441,0.19569689773035429
SG_007443,0.2565022993412081
SG_007450,0.09276357596911342
SG_007452,0.2197542554653853
SG_007455,0.11070803709369055
SG_007462,0.1338516049085489
SG_007464,0.2758351165685757
SG_007466,0.1217733601533541
SG_007469,0.11032859736465032
SG_007470,0.31726307786962843
SG_007472,0.1362871389023262
SG_007476,0.193294511445799
SG_007486,0.2763325921454258
SG_007489,0.16534744623012404
SG_007490,0.13111570231355374
SG_007495,0.2670749620805366
SG_007499,0.23251896111313924
SG_007506,0.06577047241299709
SG_007508,0.1417387814744348
SG_007509,0.09549551963565672
SG_007517,0.2572826547983034
SG_007518,0.24819655533923285
SG_007522,0.1996254363967561
SG_007524,0.14701586131291908
SG_007527,0.10480244815622397
SG_007535,0.12988803647926556
SG_007540,0.27183191150321057
SG_007546,0.2280739639955614
SG_007552,0.20439921423751073
SG_007553,0.1747961620724729
SG_007557,0.1097495314912534
SG_007558,0.15104612078895072
SG_007560,0.20980218337117496
SG_007568,0.09324487673940515
SG_007571,0.24152479039239189
SG_007573,0.15151938072174082
SG_007577,0.10864149327071705
SG_007578,0.17239032131291604
SG_007579,0.07420298022279911
SG_007582,0.2845874155045531
SG_007586,0.0783423332861296
SG_007587,0.15426652409297753
SG_007589,0.15812172950070502
SG_007591,0.12001945827515915
SG_007595,0.1574253079730671
SG_007597,0.1763917490304226
SG_007599,0.08605472870749417
SG_007602,0.17326398807160698
SG_007605,0.06555794344707182
SG_007609,0.12536457602677245
SG_007614,0.1536010286882557
SG_007620,0.1993951164079752
SG_007628,0.24416247653007117
SG_007630,0.18442053719541215
SG_007646,0.2314232678126673
SG_007648,0.09510031908271875
SG_007654,0.1734456287964722
SG_007655,0.17574704097254046
SG_007656,0.34234626628892395
SG_007657,0.22526663584232542
SG_007658,0.09988992842266516
SG_007659,0.19953962085126067
SG_007660,0.13160990952748733
SG_007663,0.1353833830832423
SG_007665,0.2778386647283007
SG_007667,0.2600815022266341
SG_007670,0.19623067805606972
SG_007678,0.09706390288400425
SG_007679,0.41617888636013156
SG_007681,0.10087260524877954
SG_007685,0.14708745937041517
SG_007686,0.35906272756864593
SG_007687,0.14862703436849056
SG_007688,0.16341411883249207
SG_007691,0.10090712466845765
SG_007696,0.14639377365836345
SG_007698,0.10088895698521153
SG_007700,0.216238475476845
SG_007703,0.12922494802957574
SG_007704,0.14032782492381174
SG_007706,0.13478813243582544
SG_007711,0.1868240033813831
SG_007712,0.22746417196471688
SG_007714,0.14499401700260953
SG_007717,0.23331814377081192
SG_007719,0.15596039164081055
SG_007720,0.15126227916903845
SG_007721,0.11938791134673812
SG_007728,0.10116785785189497
SG_007737,0.3245468294775189
SG_007741,0.11757436945118607
SG_007742,0.13961839883750035
SG_007744,0.11535722152193992
SG_007746,0.23897457539676287
SG_007748,0.11940175050832293
SG_007750,0.08295718211707492
SG_007751,0.06990826281938242
SG_007752,0.12676874964985696
SG_007758,0.312477649653891
SG_007760,0.15609877414855286
SG_007762,0.2614505382480958
SG_007770,0.12754625695879324
SG_007772,0.19543400599620214
SG_007776,0.13557621140731718
SG_007780,0.20437240991334032
SG_007781,0.16838668509833699
SG_007782,0.09556092246330183
SG_007787,0.16471665831572502
SG_007800,0.25195311556541367
SG_007801,0.13885036107495774
SG_007804,0.08568751666799473
SG_007805,0.2653034722042754
SG_007807,0.24244074704666635
SG_007808,0.2731472624067518
SG_007813,0.14223530591428632
SG_007815,0.049946947984084424
SG_007817,0.19698563487843934
SG_007818,0.13833627438765245
SG_007820,0.15024577943558626
SG_007822,0.19800537172694194
SG_007823,0.14659020813801493
SG_007824,0.08874323504252545
SG_007834,0.1183700728745485
SG_007836,0.08070275861567482
SG_007839,0.10582226717344415
SG_007842,0.077401144684393
SG_007844,0.1357687701506967
SG_007846,0.11855181624384886
SG_007849,0.11739410183213378
SG_007858,0.18311855459156356
SG_007864,0.2579015569199144
SG_007866,0.13095264141564666
SG_007875,0.18143946777472475
SG_007876,0.204092035985124
SG_007880,0.2025235585324373
SG_007884,0.24408245770681714
SG_007889,0.28654878515765864
SG_007892,0.12881652013024192
SG_007897,0.12410061462811764
SG_007898,0.16128748796582307
SG_007899,0.13700062172578847
SG_007901,0.14298117809535119
SG_007908,0.2279990804641615
SG_007910,0.1391172026744418
SG_007922,0.12983547025793968
SG_007923,0.1753799151681969
SG_007926,0.23211600984846875
SG_007931,0.10156907474824536
SG_007933,0.1529970806572491
SG_007939,0.3377113291058393
SG_007940,0.1530392652777956
SG_007946,0.08045703738375376
SG_007947,0.11935203968735315
SG_007948,0.1544961658264856
SG_007954,0.09846275468985148
SG_007957,0.04981834496546848
SG_007960,0.2978881873893783
SG_007964,0.12363355886208396
SG_007965,0.1814597079658971
SG_007980,0.2143076273273032
SG_007985,0.11459640684551178
SG_007992,0.1260564775221314
SG_007996,0.17530446408256073
SG_007998,0.10034207641234781
SG_007999,0.12247281199709666
SG_008014,0.08452968465133856
SG_008015,0.16484327310817995
SG_008020,0.23564953937117744
SG_008026,0.14084152286322585
SG_008033,0.13774723384514106
SG_008043,0.13116551363653428
SG_008050,0.1355787069463948
SG_008055,0.14592054735251714
SG_008056,0.23605043868748105
SG_008058,0.2516601915671731
SG_008067,0.11765424970177159
SG_008074,0.2306305552672333
SG_008076,0.15663167087471044
SG_008081,0.22828363348266092
SG_008091,0.14611918056476392
SG_008099,0.09511624990087494
SG_008100,0.20256066720308502
SG_008101,0.09554320375090383
SG_008104,0.17445834743515481
SG_008115,0.25623477533293704
SG_008117,0.12393113599768217
SG_008118,0.25009788362854374
SG_008127,0.1144485243375719
SG_008131,0.14707824515825293
SG_008133,0.20089874053444795
SG_008137,0.1946704512354183
SG_008140,0.21367478873659201
SG_008141,0.221798723142764
SG_008145,0.06820502136642508
SG_008152,0.0692080127689272
SG_008156,0.19446092997688394
SG_008160,0.12757638956108636
SG_008164,0.24978599173807012
SG_008167,0.22277252450696042
SG_008175,0.12718629914252558
SG_008176,0.31593941741226245
SG_008183,0.12719362837977066
SG_008188,0.1754755979716976
SG_008191,0.06940331743927068
SG_008192,0.10861879874348043
SG_008193,0.07170124613201376
SG_008195,0.13229092722687694
SG_008202,0.22244560225837462
SG_008213,0.22421365153142897
SG_008217,0.36899097077008497
SG_008224,0.10455036822649572
SG_008228,0.16264309834725932
SG_008229,0.10732775370293542
SG_008237,0.12893414841513057
SG_008242,0.10755392741609544
SG_008246,0.20646884195027415
SG_008248,0.1554596183532173
SG_008249,0.3813838668907332
SG_008253,0.17166426835751442
SG_008257,0.21271152217457856
SG_008261,0.2749241245413389
SG_008264,0.20961886695336265
SG_008265,0.14200580074020178
SG_008281,0.15265478808910504
SG_008283,0.18431221011310545
SG_008287,0.11277977445535879
SG_008291,0.3595224662195563
SG_008293,0.11286959165902873
SG_008294,0.12365709084451514
SG_008296,0.20241992356313127
SG_008298,0.1752126725035871
SG_008309,0.1633294017604417
SG_008310,0.15853645771394376
SG_008312,0.10380355640391611
SG_008316,0.25556355851153534
SG_008317,0.12672212791993223
SG_008318,0.12391424840776934
SG_008327,0.06554239527639624
SG_008330,0.19971094146052804
SG_008333,0.06823468420462538
SG_008336,0.16947674013402142
SG_008345,0.11562610071954413
SG_008347,0.09411583051761091
SG_008355,0.27804840580785223
SG_008358,0.14983966545193222
SG_008359,0.3148089651209487
SG_008360,0.23606403194119085
SG_008361,0.07244181838499526
SG_008362,0.2194248277196794
SG_008365,0.1572326254868876
SG_008366,0.24261560693262418
SG_008375,0.1506251759972276
SG_008376,0.1886479888571862
SG_008382,0.14693432323253802
SG_008383,0.1574547076787086
SG_008388,0.17383000279393224
SG_008389,0.26677940755621793
SG_008392,0.11089441332003358
SG_008396,0.1340632463895913
SG_008402,0.12678433149059973
SG_008410,0.11292029246231769
SG_008413,0.22087017460243044
SG_008417,0.1828569740960821
SG_008420,0.26986809096971986
SG_008422,0.15370638867805564
SG_008435,0.17443812837174658
SG_008440,0.07275939664148509
SG_008441,0.15346877462244646
SG_008442,0.11594594197622865
SG_008443,0.1265728778266063
SG_008444,0.1337943126239764
SG_008449,0.1205753117488975
SG_008452,0.2019169421217042
SG_008457,0.2063370402869578
SG_008459,0.2184477616829983
SG_008462,0.18572965826097812
SG_008467,0.23314805910373868
SG_008468,0.16816746214641468
SG_008478,0.10346481040655059
SG_008482,0.188319952406121
SG_008484,0.23481202646296662
SG_008485,0.14173383637820824
SG_008494,0.1897458563962058
SG_008497,0.13913689935039686
SG_008498,0.13243678162529518
SG_008500,0.27283812895198356
SG_008501,0.1449109325363705
SG_008504,0.09522054614874614
SG_008506,0.2358998871057837
SG_008512,0.2505450188385237
SG_008514,0.3903206845483118
SG_008517,0.1800565250895806
SG_008522,0.11365472171489004
SG_008527,0.10323918041553239
SG_008529,0.15817970665809666
SG_008531,0.054189720753869644
SG_008534,0.38513793863161117
SG_008535,0.1195288695941367
SG_008536,0.1295470748050024
SG_008538,0.2482052598327175
SG_008541,0.13013835371243315
SG_008542,0.2022429732536956
SG_008545,0.28550311169160375
SG_008547,0.15981444517239904
SG_008549,0.2429819814715751
SG_008550,0.09547816870229638
SG_008551,0.15508425220129818
SG_008553,0.13918903083457757
SG_008555,0.14284719034186147
SG_008557,0.12588227953063136
SG_008561,0.11564921297487922
SG_008564,0.07605352360082179
SG_008565,0.2375398558846769
SG_008568,0.1373914627468893
SG_008569,0.11778827614766846
SG_008570,0.17679238650091086
SG_008572,0.1254533013411639
SG_008574,0.1608456311138713
SG_008575,0.15324524629614697
SG_008576,0.08168540411802125
SG_008577,0.16081225523361128
SG_008580,0.093442745080181
SG_008586,0.15734039143623707
SG_008594,0.19610549500790134
SG_008598,0.16494665586367785
SG_008600,0.24909381288791782
SG_008614,0.13782767367791596
SG_008615,0.21258614719771735
SG_008617,0.10915291679078606
SG_008624,0.20663236425567283
SG_008630,0.13475128265339426
SG_008635,0.10691677694547441
SG_008636,0.0742958355820569
SG_008639,0.3014572181068794
SG_008645,0.17650957398729905
SG_008646,0.10123182252142696
SG_008650,0.20334266861452832
SG_008653,0.32672652289469256
SG_008669,0.24364546100474244
SG_008671,0.29317793195634967
SG_008689,0.2354131944779516
SG_008691,0.24564531519371113
SG_008693,0.27960176191585584
SG_008708,0.11034102426298195
SG_008714,0.20042501792014672
SG_008726,0.1386734833213685
SG_008727,0.26414137408228056
SG_008729,0.1379325525606872
SG_008734,0.2994697755329179
SG_008735,0.11863174335557908
SG_008737,0.21528370250984935
SG_008739,0.08317214816405367
SG_008745,0.3074022511738089
SG_008749,0.11382973590863568
SG_008755,0.16157563264395425
SG_008759,0.14812147668645126
SG_008766,0.18944850788862716
SG_008769,0.1324424561075701
SG_008770,0.199976581758865
SG_008771,0.12024340501336679
SG_008773,0.22810349572222852
SG_008774,0.17637029855439657
SG_008776,0.05954784749007765
SG_008777,0.16748779460080115
SG_008780,0.12480571683023448
SG_008782,0.15598833540837426
SG_008784,0.19165196363500267
SG_008785,0.126304415376153
SG_008787,0.12385852518475152
SG_008789,0.1458122097111885
SG_008793,0.17821368459422104
SG_008798,0.15111340643278998
SG_008810,0.1519622038787416
SG_008816,0.23763513953981746
SG_008823,0.2971105166367311
SG_008824,0.08714395719774563
SG_008825,0.21507318519563515
SG_008828,0.14713324925449844
SG_008836,0.10071673509272752
SG_008839,0.15329140011382533
SG_008840,0.07016066458783968
SG_008841,0.2013460314797979
SG_008843,0.1743496311802519
SG_008844,0.17674576291430086
SG_008845,0.17271736349203423
SG_008849,0.19603442945281765
SG_008850,0.135607947172293
SG_008853,0.10412751181028243
SG_008855,0.17082178339574705
SG_008859,0.17045436444799714
SG_008862,0.2587852638898715
SG_008864,0.13054105892279802
SG_008865,0.13530163202903334
SG_008866,0.0503748860559573
SG_008867,0.311311890463895
SG_008869,0.19551152407157754
SG_008876,0.16513722583099227
SG_008881,0.23253151786935
SG_008883,0.10488178984331831
SG_008888,0.07287584558564456
SG_008889,0.30714425379191684
SG_008895,0.1688473430212635
SG_008897,0.09064400341835285
SG_008901,0.12885822014675785
SG_008905,0.117887070922117
SG_008907,0.09753271209252182
SG_008908,0.08703080337432663
SG_008910,0.17754762931849638
SG_008913,0.2729622043392085
SG_008914,0.11634520784436532
SG_008917,0.09626841423967165
SG_008919,0.12963670465378802
SG_008920,0.22544163422776267
SG_008925,0.1709943600251436
SG_008926,0.15014687057987897
SG_008927,0.07455766800283892
SG_008930,0.19480758833307102
SG_008932,0.18789912145287982
SG_008934,0.24528296043618975
SG_008937,0.10536880695730513
SG_008940,0.12183017579135656
SG_008943,0.13369197733892516
SG_008947,0.09169583568619674
SG_008955,0.16156708864350208
SG_008960,0.20733275348464705
SG_008962,0.11994673135547974
SG_008964,0.13357762483707122
SG_008965,0.10893508130814054
SG_008966,0.10394027487911359
SG_008971,0.14395446979508397
SG_008972,0.08885401471607082
SG_008976,0.17643637296260237
SG_008978,0.09984609501528954
SG_008983,0.1371501493607275
SG_008989,0.34475225036752516
SG_008990,0.12388497688477164
SG_008994,0.3229806496203894
SG_008996,0.21848865176007942
SG_008998,0.06634227926732908
SG_008999,0.09806892655839326
SG_009001,0.1896286679735071
SG_009005,0.24643513688514468
SG_009006,0.11781736826094702
SG_009011,0.206050865204196
SG_009017,0.17315538212916293
SG_009018,0.12205037128778806
SG_009032,0.14020072044242085
SG_009034,0.111807651509362
SG_009043,0.23070030654531512
SG_009047,0.09834283032171287
SG_009048,0.12927756803486357
SG_009053,0.098061967454648
SG_009055,0.2226182623192034
SG_009058,0.16644946002114167
SG_009063,0.2142062922354684
SG_009064,0.19238158378292317
SG_009065,0.17195543997728435
SG_009069,0.13448031292136664
SG_009070,0.10576066790533749
SG_009072,0.1461496347886787
SG_009075,0.10777648134952428
SG_009079,0.13111231605871076
SG_009080,0.20491286035664696
SG_009081,0.12080745137839272
SG_009083,0.11822045131255061
SG_009085,0.1069860221657179
SG_009091,0.25646213951265234
SG_009093,0.08840515510306654
SG_009100,0.07281194710570331
SG_009109,0.23877344682566953
SG_009115,0.26079646789550087
SG_009119,0.12511187603782603
SG_009120,0.2440390869758006
SG_009123,0.20043009618143975
SG_009124,0.16340419614017268
SG_009127,0.12099151971810748
SG_009128,0.12060631205167001
SG_009135,0.2557079572004012
SG_009136,0.3459005442654116
SG_009139,0.1220861421107917
SG_009146,0.3704861630327634
SG_009147,0.2476388350994338
SG_009149,0.08268899856508524
SG_009150,0.21750435738481955
SG_009152,0.18126079451922814
SG_009153,0.13588546283402034
SG_009159,0.22861020431834414
SG_009168,0.1901357766701013
SG_009169,0.23995414090294465
SG_009170,0.10784149387593556
SG_009172,0.1082534322682478
SG_009176,0.1367252444394721
SG_009179,0.17879197026953966
SG_009183,0.2106997301696107
SG_009193,0.20840919534944996
SG_009196,0.21133143091116846
SG_009199,0.11006617146439504
SG_009202,0.24371963223710785
SG_009203,0.08180478244717315
SG_009204,0.10641303986898712
SG_009206,0.09356019568533232
SG_009207,0.1783426315861962
SG_009209,0.15788354300694254
SG_009210,0.20066876610578122
SG_009214,0.16033239305773545
SG_009220,0.16425988296526728
SG_009223,0.13367510311560604
SG_009224,0.1772205158554028
SG_009225,0.09372249117876139
SG_009226,0.2889961567220269
SG_009229,0.12642091953411033
SG_009230,0.21128066158965433
SG_009236,0.1766299445927812
SG_009242,0.11702490531047452
SG_009246,0.25204938654407383
SG_009250,0.1655493425563807
SG_009253,0.18695327255933372
SG_009266,0.2912394534958028
SG_009268,0.2331285015159149
SG_009272,0.20514938737543958
SG_009273,0.12148695859930247
SG_009274,0.17180766522653235
SG_009277,0.20499088456138848
SG_009278,0.19457606689467005
SG_009279,0.07497587475268616
SG_009280,0.157778108027563
SG_009281,0.21617456041983876
SG_009289,0.17971265441989348
SG_009290,0.34134342176694027
SG_009299,0.11180851295069129
SG_009300,0.15016009143880077
SG_009305,0.09493021828830384
SG_009307,0.16246869047004148
SG_009319,0.08595329753241865
SG_009328,0.08204173282714751
SG_009333,0.14190980480230803
SG_009335,0.1492993352634653
SG_009341,0.13514529563655123
SG_009347,0.1312590467418198
SG_009354,0.18126753215911987
SG_009355,0.31590623433008697
SG_009357,0.1782537449745915
SG_009362,0.21570014214658043
SG_009363,0.17268203997482598
SG_009365,0.17316831188415688
SG_009366,0.23236069437264234
SG_009367,0.17017428590177425
SG_009370,0.21635841161209746
SG_009386,0.18173511404372258
SG_009392,0.07355047707950355
SG_009398,0.11413266601542346
SG_009400,0.13497016559617034
SG_009402,0.28568234367417916
SG_009403,0.13170246357887244
SG_009404,0.12832499276079384
SG_009406,0.11183317857663291
SG_009407,0.17234012276479654
SG_009408,0.07265524284073492
SG_009409,0.09320475926575725
SG_009410,0.3819740653262542
SG_009411,0.2086952306740036
SG_009412,0.10292638481419106
SG_009413,0.08385654965361655
SG_009415,0.1419937180427996
SG_009417,0.18111351649498472
SG_009419,0.09275656455066866
SG_009425,0.2201908932830096
SG_009426,0.1256675066533482
SG_009427,0.11200416108297014
SG_009429,0.07712536587820706
SG_009434,0.12583114535202952
SG_009438,0.10397396923059313
SG_009441,0.1574211114417413
SG_009442,0.13404567942313067
SG_009444,0.22193049322549804
SG_009445,0.30900525689188635
SG_009446,0.16149755899859744
SG_009447,0.08509097903198923
SG_009449,0.15606774131203516
SG_009455,0.09027382320182989
SG_009458,0.2657114069736711
SG_009461,0.3743617050594157
SG_009462,0.2444007547437715
SG_009466,0.13148920751843035
SG_009473,0.09092061975881247
SG_009478,0.1502208831485971
SG_009479,0.17278805031742658
SG_009481,0.1668966448177423
SG_009485,0.1206184933208087
SG_009490,0.23140734458015036
SG_009496,0.12704928171443275
SG_009500,0.11530562820238532
SG_009502,0.29042631650478296
SG_009504,0.2442915052366788
SG_009505,0.13772157687790476
SG_009516,0.12937944441173058
SG_009518,0.2034463166277251
SG_009519,0.25180262716394897
SG_009528,0.2068191496639462
SG_009529,0.1377716000768731
SG_009530,0.10674986298696633
SG_009533,0.27101180333592323
SG_009537,0.14446835827847793
SG_009539,0.13625645009003418
SG_009540,0.12669128289982654
SG_009541,0.1923381615826806
SG_009544,0.08655958807236006
SG_009556,0.13831604349858806
SG_009558,0.17499819009478426
SG_009566,0.1484922422801309
SG_009567,0.1311633717025242
SG_009569,0.09308266138945068
SG_009573,0.1492873388216926
SG_009577,0.10070061227462573
SG_009581,0.1435654268378312
SG_009582,0.13657214938184137
SG_009584,0.11821891070274318
SG_009585,0.1950176721821057
SG_009589,0.16615874182305082
SG_009592,0.13780291055982208
SG_009593,0.13386353159592698
SG_009602,0.10660082344625449
SG_009614,0.1578820974230729
SG_009616,0.18977920223219985
SG_009618,0.2762101617887113
SG_009619,0.12589169682628318
SG_009620,0.14572395284051667
SG_009622,0.11800565251249956
SG_009630,0.11359129738247675
SG_009632,0.11719658216338608
SG_009639,0.08689772934033652
SG_009649,0.1956530344301721
SG_009651,0.22876726961942134
SG_009661,0.09702151244835236
SG_009670,0.11742340961300779
SG_009671,0.15395857789659992
SG_009679,0.20740394576729382
SG_009681,0.10036218479906148
SG_009683,0.1241238422457247
SG_009687,0.24844727359841962
SG_009690,0.24033081218118116
SG_009691,0.31540729334608675
SG_009694,0.15123393846362398
SG_009696,0.32622908688612634
SG_009701,0.21922328372410627
SG_009702,0.10738226236120049
SG_009707,0.1008842308327623
SG_009716,0.13354305212931064
SG_009718,0.189810332875663
SG_009727,0.1297170818630912
SG_009736,0.13598940665196996
SG_009741,0.17430418160448366
SG_009744,0.1456540718638641
SG_009746,0.1357856537394258
SG_009747,0.22064271861834497
SG_009751,0.15545377489058937
SG_009754,0.14233781993209355
SG_009757,0.12215092189823536
SG_009759,0.1662841558825428
SG_009760,0.23936919978668209
SG_009762,0.12033472586066979
SG_009763,0.10436407390373184
SG_009766,0.08215013104015957
SG_009776,0.15484627563882125
SG_009778,0.21870566541367453
SG_009780,0.3032902626913362
SG_009782,0.41272099828507675
SG_009783,0.11841196214992253
SG_009785,0.1919451968632101
SG_009786,0.20266998110436327
SG_009791,0.14789721089256763
SG_009794,0.13467565891686875
SG_009795,0.1892546844090767
SG_009799,0.17674150196722
SG_009800,0.24395185096305827
SG_009814,0.20313687462123364
SG_009819,0.10514656630097616
SG_009824,0.10230229504824463
SG_009825,0.2445767089002342
SG_009829,0.19038032386192363
SG_009834,0.15519260856263378
SG_009837,0.20351538650372042
SG_009838,0.15034047122662092
SG_009843,0.12022343602681893
SG_009845,0.16577733806641565
SG_009851,0.21013771859552277
SG_009855,0.2425324024635114
SG_009856,0.17663549497688533
SG_009862,0.11077000753447194
SG_009865,0.1400272711283415
SG_009867,0.16722514242490708
SG_009868,0.13714744390901717
SG_009869,0.06937176948629185
SG_009870,0.1652595334783491
SG_009875,0.13841590311219948
SG_009876,0.1854870663323967
SG_009877,0.21702926518444737
SG_009878,0.35949092512479797
SG_009880,0.24239219691427372
SG_009881,0.14716890591159437
SG_009895,0.19484638402708243
SG_009905,0.1618596734231238
SG_009909,0.20714375690282166
SG_009914,0.20998045680765706
SG_009916,0.26790357762630795
SG_009921,0.13122739874107076
SG_009923,0.24507986273711596
SG_009926,0.16048616970249754
SG_009929,0.2404434981805695
SG_009932,0.14524769146907934
SG_009933,0.1292040974217924
SG_009935,0.11588013877089746
SG_009936,0.12828634705663233
SG_009937,0.10624387183069962
SG_009941,0.0930482877055075
SG_009942,0.19027816637933886
SG_009953,0.2649254670434815
SG_009956,0.09023824730704155
SG_009959,0.13249614780708888
SG_009964,0.13951165811514174
SG_009972,0.19914223548027055
SG_009977,0.15965074134499327
SG_009979,0.2609085144129958
SG_009982,0.14589410139070816
SG_009985,0.24570951507660527
SG_009987,0.05555808327676545
SG_009989,0.21245442135004966
SG_009993,0.10308768014825162
SG_009997,0.22773241285152943
SG_009999,0.13258231723923838
SG_010002,0.32975151547059656
SG_010007,0.20572924064295064
SG_010008,0.12988160704146406
SG_010009,0.07079501520166079
SG_010010,0.16110243151994053
SG_010011,0.14773122945422018
SG_010012,0.10930417192758278
SG_010014,0.2044144735971853
SG_010015,0.17495756270765941
SG_010019,0.12690512498219764
SG_010020,0.13813680577308918
SG_010021,0.12312673471830586
SG_010024,0.14940895304519755
SG_010025,0.11541197253531964
SG_010034,0.15921335408271983
SG_010037,0.09273514309313807
SG_010038,0.18128105478873235
SG_010042,0.19968796712011017
SG_010045,0.1988736118359545
SG_010047,0.11096116651405627
SG_010048,0.1521244354053834
SG_010050,0.13633707263513067
SG_010052,0.15994651734864834
SG_010058,0.15925270158419066
SG_010061,0.22205904035521873
SG_010068,0.16688515429359352
SG_010069,0.21102021117046413
SG_010074,0.1605059413397456
SG_010078,0.07811247830918853
SG_010081,0.11508641128260587
SG_010084,0.13778565086109368
SG_010085,0.12280768589195042
SG_010086,0.3128188211785978
SG_010088,0.22277498354300782
SG_010091,0.06681702201319607
SG_010092,0.18030702401698556
SG_010099,0.13042089784085467
SG_010101,0.1676106293167584
SG_010103,0.07590083414896301
SG_010104,0.21541884481048737
SG_010106,0.2587289823792912
SG_010109,0.1361779779517539
SG_010115,0.08404080406448025
SG_010116,0.3264362822105359
SG_010117,0.25997626870842877
SG_010123,0.3377656245608538
SG_010130,0.12084473160468714
SG_010132,0.08439368524074761
SG_010134,0.21411379658245772
SG_010142,0.2771785411309832
SG_010144,0.12042218418716576
SG_010146,0.08627542006083211
SG_010151,0.0652058023445917
SG_010153,0.3240505923412597
SG_010155,0.13604967010102897
SG_010157,0.18791377949893592
SG_010165,0.09181144762025861
SG_010166,0.09052474922946023
SG_010169,0.0783680866849443
SG_010170,0.13359603836990414
SG_010172,0.13388308712344404
SG_010173,0.1761174158622458
SG_010174,0.12701888890126925
SG_010175,0.1698542412170396
SG_010176,0.17043564298455843
SG_010182,0.07089013720021671
SG_010183,0.1850170632685635
SG_010184,0.20112944270346267
SG_010187,0.17076593501638027
SG_010195,0.0922174665249118
SG_010198,0.07888686325548569
SG_010199,0.14506158754012669
SG_010200,0.12772850090299434
SG_010204,0.16170610325922374
SG_010206,0.22787939329682017
SG_010208,0.16738344203092004
SG_010209,0.08792803676010842
SG_010210,0.22570976302613205
SG_010213,0.16400367297872726
SG_010217,0.13301584392204704
SG_010226,0.152204653808174
SG_010227,0.18920498588388784
SG_010234,0.10007120317003124
SG_010235,0.20214035745996478
SG_010238,0.25618542538123723
SG_010241,0.10998685450496297
SG_010242,0.12539559286033886
SG_010243,0.11408957374604758
SG_010246,0.2023504938478374
SG_010252,0.1655683517408273
SG_010253,0.3139807974732587
SG_010256,0.19141604589993994
SG_010257,0.14427087033696573
SG_010258,0.10740068754966409
SG_010259,0.2564583125338384
SG_010261,0.17078527239395985
SG_010263,0.11968271096725616
SG_010265,0.10398660443348268
SG_010267,0.0949389478903877
SG_010271,0.0974654430187116
SG_010273,0.14867096390823215
SG_010274,0.09435987386419174
SG_010277,0.24775329114043715
SG_010284,0.09682391989232808
SG_010286,0.09834295925957448
SG_010287,0.3561967017020881
SG_010288,0.07015246368700226
SG_010293,0.27349532463046466
SG_010294,0.28968226398586683
SG_010298,0.18112920771755353
SG_010306,0.13953504519732476
SG_010313,0.1492204130963677
SG_010315,0.3047824768260191
SG_010316,0.17244182418135573
SG_010319,0.09132448262875097
SG_010320,0.3331458632667367
SG_010322,0.15181770308314996
SG_010323,0.24254344974526953
SG_010326,0.13883606750174565
SG_010328,0.18099357630028579
SG_010329,0.2948056701279472
SG_010330,0.1732840148773113
SG_010332,0.12628457119007702
SG_010336,0.222223970944467
SG_010344,0.18031453256874053
SG_010347,0.2600106795090155
SG_010350,0.1462094183979346
SG_010352,0.3705766826349813
SG_010354,0.16451979053321716
SG_010358,0.13589786004205426
SG_010371,0.09389313768063473
SG_010373,0.2274943320846089
SG_010379,0.07323152111265785
SG_010386,0.1753557449543403
SG_010393,0.152419549836775
SG_010394,0.16045890991397288
SG_010399,0.2392071064785897
SG_010401,0.0961737323465195
SG_010404,0.12986575454497468
SG_010406,0.12311000317630524
SG_010407,0.12833512892155857
SG_010409,0.39654046113750085
SG_010412,0.1795563294739422
SG_010418,0.11056057092658292
SG_010420,0.07687463696826456
SG_010424,0.3018090867671413
SG_010425,0.17655774688935155
SG_010428,0.3077689277436597
SG_010430,0.29060547073372506
SG_010431,0.20660807911422602
SG_010435,0.12492956127767521
SG_010442,0.2801671684261638
SG_010455,0.12517460788021403
SG_010459,0.11364138720408916
SG_010460,0.20438362954547945
SG_010461,0.17001001788262776
SG_010462,0.08684063358633834
SG_010465,0.06295592232319591
SG_010467,0.12949481032464624
SG_010469,0.14856428575379552
SG_010470,0.14937217951632212
SG_010472,0.07195511171689407
SG_010475,0.19588403602792526
SG_010477,0.17322573698242608
SG_010481,0.30559297819626874
SG_010482,0.08245960025466308
SG_010483,0.19467035928254872
SG_010485,0.15829945066648757
SG_010486,0.12934600933428747
SG_010487,0.17003349853186028
SG_010490,0.26343484000946543
SG_010492,0.13415874554805876
SG_010493,0.08122885204133268
SG_010495,0.15147265522333983
SG_010498,0.12520735471363925
SG_010499,0.12297647199457816
SG_010501,0.29663233781830767
SG_010503,0.09145133997112523
SG_010505,0.12469552591075533
SG_010506,0.09780364892200147
SG_010507,0.11766690499155413
SG_010509,0.1270923838319546
SG_010510,0.11137244091061169
SG_010515,0.244615065166429
SG_010517,0.17707369347608778
SG_010518,0.1174940724553441
SG_010531,0.3306577585636937
SG_010546,0.26126931526467734
SG_010547,0.1476414569065775
SG_010550,0.16719055915505066
SG_010552,0.08850312080690145
SG_010553,0.12331757011420381
SG_010555,0.12606433008670867
SG_010561,0.12287324068551195
SG_010562,0.118226289332624
SG_010563,0.1605201634120095
SG_010569,0.1571424129955445
SG_010571,0.13836458457808287
SG_010577,0.10821269958537172
SG_010578,0.12387940511709442
SG_010579,0.16844936335892738
SG_010582,0.21182389526601103
SG_010585,0.16399590036843043
SG_010586,0.26004951981563973
SG_010588,0.09016296818648975
SG_010589,0.08986652141277057
SG_010590,0.22555132731829636
SG_010592,0.21331397511585398
SG_010594,0.11836799334354833
SG_010598,0.24684370575158807
SG_010600,0.13617105109214997
SG_010607,0.11285363762721815
SG_010611,0.21614939619943346
SG_010615,0.36212353531265706
SG_010616,0.13717290224242326
SG_010619,0.08978756299114665
SG_010627,0.14245799662716369
SG_010634,0.08130151515299758
SG_010635,0.15615490911119376
SG_010636,0.09647690440845214
SG_010649,0.2182421770587914
SG_010651,0.12027585697687554
SG_010653,0.10553054842589138
SG_010655,0.1584584800231909
SG_010659,0.18646194782967077
SG_010662,0.26020766057965405
SG_010664,0.2656152766939139
SG_010666,0.10281576153475745
SG_010668,0.10095514306902482
SG_010670,0.1995050133015676
SG_010673,0.28236436758031286
SG_010674,0.15310369170238577
SG_010679,0.19535472115767352
SG_010684,0.26390575623235574
SG_010685,0.12182878650402537
SG_010690,0.06434238769401525
SG_010696,0.18486927156683694
SG_010700,0.2311535349661057
SG_010707,0.1854909621139154
SG_010708,0.1293046071103622
SG_010713,0.18741573439800513
SG_010717,0.14464418729923867
SG_010718,0.18282626931629065
SG_010721,0.2116833981698394
SG_010722,0.09212487192427414
SG_010726,0.18483774990450735
SG_010729,0.1135205062751778
SG_010733,0.11878116513120944
SG_010734,0.15037511438896228
SG_010737,0.12336520254763482
SG_010739,0.13842773091024832
SG_010745,0.16302198208136665
SG_010752,0.13444666384099074
SG_010753,0.21102423221242533
SG_010757,0.10966478573546289
SG_010760,0.25185432807918434
SG_010763,0.2336791270781598
SG_010769,0.21345517779784906
SG_010772,0.20965173844675639
SG_010773,0.12046243049942251
SG_010774,0.1283677306617238
SG_010781,0.2139817706444626
SG_010784,0.13188536716348043
SG_010789,0.1322598959700756
SG_010791,0.16426350642249785
SG_010795,0.23349871509259656
SG_010796,0.19585091452877545
SG_010798,0.21029256208759634
SG_010801,0.16230962392448134
SG_010803,0.26324580315857005
SG_010808,0.12477138709797944
SG_010809,0.11673460345394931
SG_010810,0.1747329924957794
SG_010814,0.27489026075602047
SG_010816,0.07761853710845777
SG_010818,0.09466742232718227
SG_010824,0.20243153498901356
SG_010828,0.32541708378925044
SG_010830,0.2215516999822052
SG_010831,0.07751842229599525
SG_010837,0.3013406363222277
SG_010843,0.09699042872638508
SG_010844,0.18415093590904963
SG_010845,0.10417001337042284
SG_010846,0.13757527542321032
SG_010847,0.2095010862322636
SG_010853,0.1011178785373881
SG_010857,0.06637587687465189
SG_010860,0.15093324152089863
SG_010863,0.12013470870651476
SG_010865,0.21142037760177573
SG_010870,0.3074952100483901
SG_010871,0.21888723153490242
SG_010872,0.11365357512523527
SG_010876,0.28943011362031873
SG_010881,0.12399947438532004
SG_010882,0.14710050396320773
SG_010884,0.20402445381870793
SG_010887,0.0860528625148236
SG_010888,0.31912006451933916
SG_010889,0.20648978247076677
SG_010894,0.2298763853548073
SG_010896,0.2022860608041724
SG_010898,0.10821048916397041
SG_010902,0.1023597093628942
SG_010904,0.2394867242779612
SG_010907,0.26360190749316037
SG_010911,0.12370935055127284
SG_010922,0.1347022276654529
SG_010930,0.08415765631261299
SG_010946,0.2406886054916885
SG_010951,0.12975743107579604
SG_010956,0.2524657234498869
SG_010960,0.35123948177485603
SG_010961,0.11301352967498463
SG_010962,0.20751731506258717
SG_010969,0.12184119616398335
SG_010971,0.1008943126633359
SG_010973,0.2348407724337409
SG_010974,0.16460347049897947
SG_010977,0.11241239977348225
SG_010982,0.15190712299055076
SG_010985,0.16402224068779922
SG_010986,0.13213798949143216
SG_010987,0.1520301827460285
SG_010993,0.08767667566912386
SG_010995,0.0928658806371584
SG_010998,0.3560824801966489
SG_011003,0.12230992077515193
SG_011010,0.0813513853859113
SG_011012,0.13814449453848696
SG_011016,0.17785670569146722
SG_011017,0.11306560838510053
SG_011025,0.11841514703787828
SG_011031,0.21324110116479977
SG_011050,0.05106062431932169
SG_011052,0.13194953751521543
SG_011053,0.18398599491370538
SG_011055,0.159091000531502
SG_011057,0.1432466070223673
SG_011060,0.12914874734079484
SG_011073,0.14961752365489273
SG_011075,0.15013716951555733
SG_011077,0.11771426539654738
SG_011088,0.10099358117833877
SG_011089,0.12241982762478926
SG_011097,0.08425628367993596
SG_011107,0.1379020222763831
SG_011110,0.1539249080247766
SG_011117,0.12595004308462365
SG_011120,0.19323241604202093
SG_011132,0.1118972665947417
SG_011133,0.15436822640207687
SG_011139,0.40737720019359547
SG_011143,0.29270250384523155
SG_011144,0.06318101758773449
SG_011147,0.22530143981970585
SG_011148,0.16863358682574164
SG_011151,0.0997430992891006
SG_011152,0.3396794325270347
SG_011154,0.08149048335159739
SG_011158,0.19030563406463877
SG_011159,0.2236852830249863
SG_011160,0.21295084091962985
SG_011161,0.231591432406889
SG_011162,0.1258642122840084
SG_011164,0.14223965293198357
SG_011169,0.1341516795653997
SG_011170,0.09926283226995919
SG_011175,0.1827451617283732
SG_011176,0.17213113368209468
SG_011177,0.08666383758345403
SG_011182,0.21676607264419362
SG_011184,0.19158099009593477
SG_011186,0.18594294170776288
SG_011190,0.08576656389015319
SG_011192,0.2830883326191381
SG_011199,0.10579767838557316
SG_011200,0.1522061856235477
SG_011201,0.10346291911095915
SG_011203,0.12088908338441479
SG_011208,0.4565244079758406
SG_011212,0.1467358933682835
SG_011214,0.1233436250411579
SG_011221,0.21363331656861034
SG_011222,0.253660937816252
SG_011224,0.14246554113367044
SG_011226,0.1854485728094009
SG_011235,0.21843397380393115
SG_011239,0.11743645266742697
SG_011250,0.1452934288970349
SG_011257,0.15623949585469402
SG_011259,0.17221793694089102
SG_011261,0.12859110881343458
SG_011262,0.18434224646439726
SG_011266,0.16253870446464488
SG_011274,0.12006458489674923
SG_011275,0.1446547665055612
SG_011279,0.125728730031639
SG_011280,0.1809172189819137
SG_011285,0.06523772797328983
SG_011291,0.19291125694237843
SG_011294,0.12874570408887398
SG_011298,0.1400404564691282
SG_011303,0.19406272791120252
SG_011304,0.13634584019663068
SG_011306,0.12536037865367844
SG_011307,0.11148537038530697
SG_011308,0.226004141056848
SG_011309,0.1826179410359149
SG_011310,0.1575993556531084
SG_011312,0.2664037319687869
SG_011313,0.3901714304119186
SG_011327,0.12885784060353453
SG_011333,0.12259146975753941
SG_011335,0.2054645393094935
SG_011337,0.18787020639726315
SG_011340,0.058886407733753456
SG_011343,0.08543163488258887
SG_011345,0.11547181135242152
SG_011347,0.1523450687404549
SG_011350,0.13918350122400006
SG_011357,0.18681485536061013
SG_011360,0.24525689114677873
SG_011361,0.2299520944481821
SG_011367,0.0858887643347293
SG_011371,0.13272999185942566
SG_011376,0.08461742936401787
SG_011377,0.13809696692406528
SG_011380,0.12128145350015543
SG_011381,0.0946979409829965
SG_011383,0.07929133077327824
SG_011398,0.14701989138339205
SG_011401,0.2372686731030117
SG_011413,0.19139555401625652
SG_011416,0.14340949300525785
SG_011420,0.19147016231228403
SG_011429,0.14100507505199264
SG_011432,0.10068217892437709
SG_011437,0.17192123069829635
SG_011443,0.17182124481626607
SG_011447,0.20270463356298316
SG_011450,0.16616220248985072
SG_011457,0.22746070277733713
SG_011458,0.147213057713851
SG_011460,0.1850372876617711
SG_011464,0.17097333059634612
SG_011468,0.1104677253669053
SG_011469,0.1900783634329174
SG_011473,0.24845091966979518
SG_011475,0.3107581325362738
SG_011479,0.13576264611821945
SG_011482,0.23475301989698233
SG_011483,0.3147477502120031
SG_011492,0.17802674504213958
SG_011493,0.09847166211450491
SG_011497,0.13049079651770068
SG_011503,0.10655870311351004
SG_011504,0.20659961043908667
SG_011505,0.130765147688584
SG_011512,0.1673451398241178
SG_011519,0.14915734426919114
SG_011526,0.1632240137788951
SG_011527,0.10472997369812781
SG_011528,0.1002307176405659
SG_011532,0.10245339717424569
SG_011541,0.11252960899653375
SG_011544,0.14457978892804815
SG_011547,0.16251925150231628
SG_011548,0.15175040886777422
SG_011552,0.19886258621361647
SG_011566,0.13502694793934578
SG_011567,0.17602578998620244
SG_011569,0.1270092126488138
SG_011575,0.0866876739909893
SG_011576,0.3304621726332312
SG_011577,0.1137887494268307
SG_011581,0.13319457401595367
SG_011584,0.21400730141977387
SG_011586,0.19652390394280775
SG_011593,0.24425409078135465
SG_011597,0.1132330345605072
SG_011598,0.1833403717976531
SG_011602,0.1726991502638955
SG_011605,0.20836046774307132
SG_011607,0.13705058146934726
SG_011612,0.24114866531321977
SG_011616,0.18522065703286644
SG_011617,0.09359683231548233
SG_011620,0.18331536184612934
SG_011622,0.14741646517765283
SG_011625,0.13726922539554973
SG_011626,0.24884824795264324
SG_011627,0.2285091786195693
SG_011632,0.24595262535140677
SG_011633,0.18532421266638568
SG_011635,0.29019116353826147
SG_011638,0.2158583898251187
SG_011640,0.16236632791904412
SG_011645,0.1355527698218106
SG_011649,0.1692600584759576
SG_011656,0.14547663572057612
SG_011662,0.10198381770034465
SG_011663,0.12120318558498577
SG_011666,0.13656978978005405
SG_011672,0.0698352237156189
SG_011673,0.1572207446970471
SG_011676,0.23577543866390008
SG_011678,0.10953525135907788
SG_011682,0.176720057462186
SG_011683,0.10018004520659152
SG_011684,0.10209895499225434
SG_011691,0.20269594097604648
SG_011694,0.06387532087643409
SG_011695,0.16225506287055497
SG_011697,0.2695117977955792
SG_011699,0.08287618674663512
SG_011701,0.1807092135637252
SG_011704,0.17221240263977036
SG_011705,0.23654237656401458
SG_011708,0.1418813524539866
SG_011714,0.2627412203452961
SG_011715,0.12343787487300031
SG_011720,0.12085885513384242
SG_011721,0.09889878156484472
SG_011727,0.10934200434991782
SG_011728,0.21774691469631663
SG_011729,0.14251571746897326
SG_011731,0.11283686537203994
SG_011736,0.1859848609458197
SG_011737,0.129161656806962
SG_011747,0.11801169105627571
SG_011749,0.3224031186527266
SG_011750,0.14548903498952273
SG_011752,0.18928021350620952
SG_011757,0.29519955019983724
SG_011764,0.17784311442691564
SG_011767,0.10575365561495875
SG_011769,0.2704574598331342
SG_011770,0.20850460470107018
SG_011772,0.20335875219493052
SG_011773,0.1111991394907754
SG_011777,0.14250678527508384
SG_011779,0.09327903061964041
SG_011780,0.17277487099119415
SG_011786,0.20682904272503586
SG_011787,0.21709927606780952
SG_011789,0.10075702890229721
SG_011796,0.06795359726967545
SG_011799,0.1800393366770505
SG_011801,0.09130369228219253
SG_011802,0.21303305524097824
SG_011806,0.09213620211163942
SG_011812,0.2372444941539053
SG_011814,0.24052796909137025
SG_011815,0.1380494405080802
SG_011816,0.22227212294816862
SG_011830,0.17963470293567385
SG_011833,0.06165945391288261
SG_011843,0.18257739214837576
SG_011853,0.299082999485872
SG_011855,0.1423207351770338
SG_011858,0.05322971218783231
SG_011861,0.09522839929727173
SG_011863,0.264890590760687
SG_011864,0.21362944447355364
SG_011868,0.2495016713384527
SG_011869,0.1926507405530255
SG_011871,0.266937021304843
SG_011886,0.17723712907266934
SG_011889,0.16477449849179615
SG_011890,0.21488722052239112
SG_011894,0.14121143946094722
SG_011896,0.09380993794545844
SG_011898,0.09932292840124808
SG_011900,0.17456820519542215
SG_011918,0.1738076173514775
SG_011922,0.11195991927686702
SG_011925,0.1728080102867373
SG_011926,0.12816055403035032
SG_011927,0.2492273694845752
SG_011931,0.15986314341159993
SG_011933,0.10328664882066559
SG_011936,0.07155355105339861
SG_011939,0.06171161121674461
SG_011940,0.0629140833014595
SG_011953,0.18687216212295987
SG_011955,0.21909533153229158
SG_011956,0.19582777296856138
SG_011959,0.15993204674464542
SG_011961,0.2516072082595029
SG_011962,0.2741276689351312
SG_011966,0.272743963155052
SG_011969,0.11858158392869188
SG_011971,0.0774620828398075
SG_011977,0.17830092223766436
SG_011978,0.10586412935379175
SG_011983,0.16313094524961624
SG_011986,0.13850551465776265
SG_011988,0.08529428777167322
SG_011993,0.1734074325618275
SG_011995,0.284200276553099
SG_011996,0.10974389159497122
SG_011997,0.11901260767624683
SG_012000,0.14865144531483943
SG_012013,0.12369572835232562
SG_012018,0.20873684273261764
SG_012019,0.10480280372645703
SG_012020,0.17852620288745102
SG_012022,0.12236523338066492
SG_012031,0.14605940439920057
SG_012040,0.1509203354409208
SG_012041,0.0913666994823944
SG_012048,0.07704832998155231
SG_012050,0.12523246744920638
SG_012051,0.09506618065734435
SG_012052,0.25455562859054304
SG_012064,0.14140689027772588
SG_012066,0.07613587042321344
SG_012068,0.10011907867040815
SG_012076,0.2014880568199793
SG_012077,0.24674954461738702
SG_012078,0.11652021450394
SG_012079,0.10762588458719846
SG_012080,0.1721997277931063
SG_012081,0.09446234692575009
SG_012082,0.10668985454550456
SG_012086,0.1976358695234808
SG_012089,0.1356123554256612
SG_012097,0.07405652895668768
SG_012104,0.1271552452079512
SG_012108,0.2022306203871451
SG_012113,0.16235543618932388
SG_012119,0.2344666063680092
SG_012124,0.22825809368116518
SG_012125,0.1311214516716215
SG_012141,0.2183926764490266
SG_012143,0.14258267916092657
SG_012145,0.1495056775329972
SG_012148,0.1620061926759646
SG_012150,0.14067610802504207
SG_012162,0.13021414448200097
SG_012165,0.1530641180404583
SG_012166,0.12752521372012904
SG_012167,0.14653908703540047
SG_012168,0.10830092845090888
SG_012169,0.14609418223111018
SG_012170,0.10187319572754662
SG_012175,0.11377613148466303
SG_012176,0.10123506663315832
SG_012177,0.13503987118646488
SG_012181,0.2231062197263803
SG_012186,0.3559472359011514
SG_012190,0.1947779843678045
SG_012192,0.3057900333634195
SG_012194,0.11557286499218092
SG_012195,0.14720067526601036
SG_012198,0.18751165133811903
SG_012199,0.13230482574657346
SG_012205,0.2626052685236633
SG_012206,0.19505094824044988
SG_012211,0.1278576118660474
SG_012212,0.1860851555052016
SG_012213,0.10732571540629132
SG_012216,0.22267473145068645
SG_012217,0.2201289784034754
SG_012218,0.28462830682394546
SG_012220,0.11233890666676441
SG_012225,0.16255202112800213
SG_012230,0.11471989436205987
SG_012232,0.1067850654140886
SG_012234,0.10085279401180744
SG_012238,0.15537963146837758
SG_012241,0.14499225414628647
SG_012243,0.05778434327426782
SG_012247,0.09838215850862139
SG_012253,0.2032969145188119
SG_012258,0.16474183140077017
SG_012260,0.18171904295863456
SG_012263,0.1114008231883401
SG_012264,0.14616607806417894
SG_012266,0.3151086317522015
SG_012270,0.0752620952680571
SG_012272,0.11517256700676892
SG_012276,0.2658397986739397
SG_012277,0.11199169560511703
SG_012278,0.12541592636998417
SG_012279,0.18068449355740285
SG_012280,0.197067675408084
SG_012281,0.3125241117887815
SG_012283,0.18389356716946315
SG_012284,0.21675281486563008
SG_012285,0.14113365573079623
SG_012290,0.15387259193532782
SG_012293,0.15044756856029745
SG_012301,0.1921426616059467
SG_012305,0.18666172073293202
SG_012307,0.24117899373692864
SG_012308,0.2134431640254344
SG_012310,0.19637161254689275
SG_012312,0.4675477644585865
SG_012313,0.1401798061303784
SG_012316,0.16316123339232944
SG_012321,0.13838945200385397
SG_012322,0.18968329283864144
SG_012326,0.1219952806852251
SG_012334,0.0950423142294816
SG_012336,0.20584175756259965
SG_012337,0.1418803890346203
SG_012339,0.24537343017706492
SG_012340,0.12107915965321984
SG_012345,0.08757589404625897
SG_012355,0.2259757467716026
SG_012362,0.19362267060873095
SG_012363,0.1439194294904543
SG_012368,0.36333308115050916
SG_012375,0.07992795663008492
SG_012378,0.09375657866630294
SG_012381,0.08432879490749282
SG_012384,0.11525041926368262
SG_012390,0.1622216870584168
SG_012393,0.18541395569988586
SG_012397,0.07339379187909195
SG_012400,0.10829072019125133
SG_012402,0.2066029520429014
SG_012410,0.18473128015742496
SG_012414,0.14722231566245775
SG_012419,0.18023440524322376
SG_012420,0.3991871468783778
SG_012422,0.31767242591005096
SG_012423,0.23646221923019523
SG_012424,0.07386078483629965
SG_012427,0.15243694774479982
SG_012432,0.13363587424412787
SG_012436,0.17873094431558312
SG_012437,0.1894426949899152
SG_012438,0.17362855196234644
SG_012444,0.07540957735013225
SG_012446,0.05214277858481163
SG_012452,0.2567084021971707
SG_012453,0.13870580291283421
SG_012456,0.12568346869148586
SG_012459,0.09844703561367749
SG_012468,0.07106852386803125
SG_012470,0.14101299830627684
SG_012480,0.1922117335020117
SG_012484,0.12373888394376147
SG_012489,0.1008399822328629
SG_012493,0.14858771738440027
SG_012495,0.3230552497018826
SG_012499,0.19443957570395168
SG_012501,0.09638384753385322
SG_012502,0.10678598694044758
SG_012504,0.2061237371754553
SG_012506,0.0502322109279865
SG_012509,0.23190022634775365
SG_012510,0.3195259405814055
SG_012513,0.197870208947923
SG_012519,0.18361144950053823
SG_012520,0.14137864947781165
SG_012521,0.05766806201119826
SG_012525,0.18729836128272492
SG_012527,0.11727087560020702
SG_012531,0.18704671472373643
SG_012533,0.3454394080087184
SG_012538,0.08444573674123687
SG_012539,0.36668538291225006
SG_012548,0.12105344135158984
SG_012550,0.13026037445255773
SG_012552,0.12040157978828625
SG_012556,0.1614123675820551
SG_012561,0.17543198063739252
SG_012562,0.07421979150157479
SG_012563,0.16920104439364464
SG_012564,0.2641151905601616
SG_012567,0.0751421439823234
SG_012568,0.40016122567349205
SG_012571,0.16888531805471452
SG_012575,0.08648428900552257
SG_012579,0.13276620004181466
SG_012588,0.13645721003638042
SG_012591,0.16083026237987375
SG_012594,0.17055492243007989
SG_012596,0.09387977559960434
SG_012600,0.22624783052162617
SG_012601,0.1565077710671018
SG_012603,0.13284340112287457
SG_012606,0.06370214745846212
SG_012609,0.337186797098679
SG_012610,0.09359544554377727
SG_012615,0.12445900351211243
SG_012616,0.17596811322238423
SG_012619,0.15211467360121264
SG_012623,0.22421701616797302
SG_012628,0.13587734961039072
SG_012630,0.22687984251032015
SG_012632,0.16714520988641024
SG_012636,0.15392911290479344
SG_012640,0.058153046785570824
SG_012643,0.2571502849582858
SG_012648,0.3659809024385564
SG_012651,0.06697364909834957
SG_012654,0.1756104575749258
SG_012660,0.29700394116314327
SG_012661,0.20263268717272664
SG_012663,0.18522885518637286
SG_012669,0.12035600400068598
SG_012674,0.10234858737378888
SG_012680,0.19054794260636693
SG_012684,0.08403954738786888
SG_012688,0.12369202876447495
SG_012690,0.17928415009434995
SG_012697,0.13958831479081155
SG_012699,0.1597508708235286
SG_012701,0.055466975935350604
SG_012705,0.1932485546921759
SG_012709,0.18415393278145356
SG_012710,0.26151997092589574
SG_012715,0.17684238730470117
SG_012716,0.1553504584293685
SG_012718,0.16542945271284554
SG_012723,0.14268795169292142
SG_012724,0.16520849187156697
SG_012730,0.114183811471545
SG_012734,0.2693745267402277
SG_012736,0.12421142293693606
SG_012738,0.12367656183383928
SG_012747,0.246992606008284
SG_012749,0.2696548715633806
SG_012750,0.11267449278567615
SG_012753,0.14964678586246477
SG_012754,0.2401870020447826
SG_012757,0.1315875871209126
SG_012763,0.11966679529957469
SG_012764,0.20557806727314865
SG_012767,0.2413815925507445
SG_012768,0.14129503323162512
SG_012773,0.14143119771695162
SG_012775,0.06041353980477533
SG_012777,0.1567019871119453
SG_012786,0.17804662029470217
SG_012787,0.333322655469718
SG_012792,0.20721869478414734
SG_012797,0.20860484591287326
SG_012805,0.10763371371923929
SG_012808,0.16805573642292695
SG_012810,0.21885269919212547
SG_012819,0.31244460720300254
SG_012821,0.21972849239178854
SG_012822,0.19540722859046245
SG_012831,0.08685698258407397
SG_012844,0.2531982648093022
SG_012845,0.09171935725752733
SG_012848,0.08165322251539084
SG_012849,0.3228071933461655
SG_012851,0.242901891069988
SG_012859,0.08206794545948679
SG_012861,0.13502076342517513
SG_012869,0.3775682438451947
SG_012870,0.15811334070988234
SG_012873,0.2795463866638732
SG_012874,0.25029011583044575
SG_012883,0.0738832734658118
SG_012886,0.12659601034036738
SG_012887,0.10169842860399993
SG_012888,0.17986837513404164
SG_012891,0.09002116972228806
SG_012898,0.1315978626413395
SG_012905,0.2283847733032849
SG_012910,0.08458869272303464
SG_012913,0.1752010559163014
SG_012918,0.3208756530865306
SG_012919,0.16727138431315813
SG_012920,0.1483688740852957
SG_012923,0.09326447151321265
SG_012924,0.08482925578972102
SG_012926,0.2919965271561409
SG_012936,0.23746238826418672
SG_012938,0.2756852777602103
SG_012940,0.13879119109148252
SG_012945,0.09927454638900604
SG_012949,0.18217836918083374
SG_012958,0.2781662729622034
SG_012962,0.22873589839760283
SG_012967,0.10796764015260693
SG_012968,0.10365140427317632
SG_012970,0.14210191507689499
SG_012972,0.09547925690247214
SG_012978,0.13149348547223927
SG_012979,0.12754294776146696
SG_012980,0.28934879190211166
SG_012981,0.35940604153231737
SG_012983,0.13506224239284448
SG_012984,0.2103465122544449
SG_012989,0.20176011736344965
SG_012994,0.1262245173364144
SG_012997,0.11760647278373687
SG_013002,0.21245953849182894
SG_013009,0.1641067746703676
SG_013017,0.07709362566175254
SG_013023,0.19927349148873774
SG_013028,0.09019784877465833
SG_013030,0.16621086859096476
SG_013033,0.2390882754522834
SG_013042,0.15098245086525822
SG_013043,0.17790296388353416
SG_013045,0.21861816486775698
SG_013063,0.16732735313151884
SG_013064,0.13736999366742492
SG_013065,0.10055393443306038
SG_013068,0.32409224175644863
SG_013070,0.14479265784627238
SG_013071,0.19236142496749334
SG_013072,0.21652091007551338
SG_013077,0.13203150216822956
SG_013080,0.2594891466910203
SG_013082,0.1742051693282224
SG_013083,0.09518067246404784
SG_013085,0.23853391651121209
SG_013086,0.16538743549268128
SG_013093,0.17186471597308087
SG_013094,0.1407008262746658
SG_013096,0.2301897352206591
SG_013104,0.25897799832644874
SG_013108,0.118539392318038
SG_013111,0.1235501002857587
SG_013112,0.1696276624647538
SG_013115,0.1372022048648927
SG_013117,0.20987716016237196
SG_013125,0.08574020536579445
SG_013127,0.13276478165672612
SG_013135,0.13803147076884403
SG_013138,0.24687096916424248
SG_013139,0.07741985542964851
SG_013141,0.2973866246243164
SG_013149,0.2290168092461576
SG_013150,0.33623976825358237
SG_013157,0.192600378038003
SG_013159,0.28169217518057826
SG_013166,0.14314697663892217
SG_013172,0.18382218483037105
SG_013177,0.17241219100491356
SG_013178,0.10833807854966054
SG_013187,0.08046613793178488
SG_013196,0.1759456481706308
SG_013201,0.3093735524821747
SG_013202,0.121624515436407
SG_013212,0.09013984361308869
SG_013219,0.1633407218041971
SG_013222,0.09126869374402677
SG_013223,0.22330853897654526
SG_013224,0.24877417658279388
SG_013233,0.08737011556265066
SG_013237,0.08111792115426511
SG_013245,0.15930485223711555
SG_013249,0.10852787507999613
SG_013250,0.1427907907448502
SG_013260,0.14247972059940503
SG_013264,0.14766222396621886
SG_013266,0.15301800044319683
SG_013267,0.20698427411590023
SG_013269,0.16211184647340818
SG_013273,0.25889483680539455
SG_013276,0.10232672046231296
SG_013280,0.24348608505373118
SG_013281,0.15420582865311724
SG_013282,0.119193152073891
SG_013288,0.1725863037242342
SG_013292,0.10455545385206982
SG_013294,0.16569154349616708
SG_013297,0.06787665411700648
SG_013304,0.13509111430648524
SG_013311,0.1836299407215262
SG_013313,0.22482942024492011
SG_013314,0.2267867202181247
SG_013315,0.16770580683692315
SG_013317,0.24601309209973393
SG_013321,0.2027981912976351
SG_013323,0.11091943686594982
SG_013327,0.13366049615638317
SG_013328,0.11206208746831374
SG_013332,0.12280718441990468
SG_013337,0.17296196480846332
SG_013338,0.2397494619052703
SG_013339,0.08968219339054546
SG_013340,0.2209708853131513
SG_013342,0.0704067326902411
SG_013344,0.10332178221397009
SG_013345,0.17856196884479342
SG_013347,0.1356730396981433
SG_013348,0.15239484014663587
SG_013356,0.20339549882005856
SG_013358,0.1967287140856404
SG_013359,0.1544456775061246
SG_013360,0.0686072521057059
SG_013361,0.11312653250954517
SG_013362,0.14727085531025746
SG_013366,0.13674710244173063
SG_013371,0.15493790629865936
SG_013372,0.181190700362168
SG_013374,0.2124593566727776
SG_013380,0.06992033960629372
SG_013383,0.2202155298807053
SG_013384,0.11194984050990583
SG_013391,0.18450232834506644
SG_013392,0.1747171843264987
SG_013393,0.19039777999594773
SG_013396,0.2719584547703574
SG_013400,0.2740238940677906
SG_013404,0.12987122724086164
SG_013412,0.1789179702047715
SG_013413,0.24153895153759977
SG_013414,0.10384049414924547
SG_013418,0.2604674228364049
SG_013420,0.11610940662677259
SG_013421,0.18534452293622083
SG_013424,0.21823917779992008
SG_013427,0.14896547980015676
SG_013430,0.17651519676194172
SG_013435,0.2305550314764056
SG_013438,0.22563813445583866
SG_013440,0.1977140561553098
SG_013443,0.3288788204085157
SG_013444,0.1952095644869149
SG_013446,0.06974066818622224
SG_013447,0.12210817541979105
SG_013452,0.13292948720379327
SG_013454,0.22999138581558837
SG_013456,0.14760161460409302
SG_013462,0.11980929507492993
SG_013463,0.2991192908152898
SG_013464,0.14716565970616172
SG_013468,0.11715655607267879
SG_013472,0.12391618922106383
SG_013474,0.1703100179298628
SG_013477,0.11483022444075487
SG_013480,0.11734125755953699
SG_013485,0.23641527634636658
SG_013486,0.20338963993519094
SG_013487,0.24965262634534713
SG_013491,0.23474671645477968
SG_013495,0.19492151305719904
SG_013499,0.08981244333166435
SG_013504,0.40247092169333676
SG_013508,0.1860332956292471
SG_013509,0.08389256593995371
SG_013515,0.15886504100807555
SG_013523,0.08046043121675231
SG_013528,0.1651114400158552
SG_013538,0.2031071128671303
SG_013542,0.12047653579854888
SG_013543,0.10661607907947696
SG_013544,0.3163586036548261
SG_013545,0.2533257034847752
SG_013546,0.2056701090291764
SG_013548,0.30113780642554216
SG_013549,0.25591815760823744
SG_013552,0.2321260947642016
SG_013553,0.13070035645961386
SG_013554,0.16322865522713564
SG_013557,0.1156568994026107
SG_013558,0.10807529610272353
SG_013561,0.27900115190502595
SG_013563,0.17198976799433158
SG_013565,0.10047414853266551
SG_013567,0.09294990204203965
SG_013568,0.12234904701218041
SG_013571,0.13055203294925172
SG_013574,0.2263530529271982
SG_013575,0.11196287116961344
SG_013578,0.22546004880823714
SG_013579,0.24375630347597416
SG_013580,0.20298126623932722
SG_013586,0.07249773477241694
SG_013588,0.13927418773261951
SG_013591,0.1816353635413956
SG_013598,0.42684799613074453
SG_013601,0.11031464006023697
SG_013602,0.2594897464397643
SG_013604,0.14437950246959158
SG_013608,0.2333223124241859
SG_013610,0.12350710621839014
SG_013612,0.10694162152333912
SG_013613,0.13007681246857142
SG_013616,0.12485079659938697
SG_013619,0.1924929118936946
SG_013624,0.30440624841167496
SG_013626,0.1506895845774443
SG_013628,0.22077020349859502
SG_013629,0.08728452066421032
SG_013633,0.11154560253196304
SG_013635,0.0860401048176041
SG_013637,0.1414675546439928
SG_013638,0.1601124558107432
SG_013639,0.11751778413342251
SG_013641,0.15574296353316164
SG_013646,0.1703740847103533
SG_013653,0.215584408393872
SG_013667,0.19399363866339348
SG_013668,0.2634531516019598
SG_013670,0.12649873881520513
SG_013675,0.17076064742332242
SG_013677,0.16768090651252324
SG_013678,0.2601496972895687
SG_013681,0.12675936440508168
SG_013682,0.18609754444453508
SG_013683,0.28029521789803785
SG_013684,0.19857141644843013
SG_013685,0.10666852586386798
SG_013686,0.23127249925676974
SG_013690,0.12579308065763128
SG_013695,0.09199895133436864
SG_013705,0.23118804662265702
SG_013706,0.11193314259716475
SG_013708,0.08417072227701063
SG_013711,0.09466559317441009
SG_013713,0.1677562473728915
SG_013715,0.11267633228011316
SG_013716,0.2461067583634618
SG_013726,0.17216986810246918
SG_013727,0.06997934008953549
SG_013728,0.18035876153365843
SG_013731,0.08582125452575501
SG_013733,0.0730469519853249
SG_013737,0.13056526853783126
SG_013740,0.183025644396405
SG_013741,0.10297291313745618
SG_013744,0.12444542442310429
SG_013745,0.2367175258400993
SG_013746,0.07744018707864285
SG_013747,0.15784680250737393
SG_013749,0.17797654135147062
SG_013755,0.08986764177781885
SG_013759,0.14496637514700778
SG_013765,0.1837154318782169
SG_013766,0.22825830925763496
SG_013769,0.12079021100338955
SG_013773,0.16376839993792688
SG_013785,0.12785131600677402
SG_013793,0.09870857548601877
SG_013800,0.1230250309396895
SG_013808,0.16634340418451352
SG_013815,0.2968353422907706
SG_013827,0.17598705841085993
SG_013840,0.11619192821804858
SG_013841,0.06781938366268388
SG_013842,0.11320795057758137
SG_013844,0.23096683084242475
SG_013845,0.1693668746756073
SG_013849,0.12453838213850996
SG_013850,0.14243416670073594
SG_013851,0.12591712148371428
SG_013853,0.22409458657922696
SG_013854,0.12842573261459592
SG_013855,0.11992567263416906
SG_013857,0.13047841443994224
SG_013860,0.30926509311633327
SG_013862,0.20553049976870086
SG_013867,0.2208601449586161
SG_013868,0.10575451324721279
SG_013870,0.09973438123228347
SG_013883,0.13707225863998695
SG_013884,0.16239103176150022
SG_013885,0.17912851509147
SG_013892,0.3542422676278793
SG_013896,0.07564226363902324
SG_013898,0.20027665175877907
SG_013901,0.2743577586086166
SG_013905,0.21857090000243312
SG_013906,0.17362887436776317
SG_013907,0.08648684035541811
SG_013910,0.14100567450541468
SG_013912,0.14849325445474074
SG_013914,0.11524996696141607
SG_013919,0.2163702555418147
SG_013922,0.2214658594536285
SG_013943,0.10503196970939821
SG_013944,0.09500218362447987
SG_013946,0.16945854816966655
SG_013948,0.10835505484014123
SG_013949,0.1144958983613838
SG_013953,0.21981658950086266
SG_013962,0.35092055141665385
SG_013965,0.2222692427429486
SG_013969,0.2413587380215521
SG_013974,0.1348868854434684
SG_013978,0.12703375449241053
SG_013979,0.10203911210395326
SG_013980,0.27620622095203273
SG_013986,0.17315671096732932
SG_013997,0.13118376450732966
SG_014000,0.26573135498326556
SG_014004,0.06817698059233776
SG_014009,0.2197742241045627
SG_014010,0.20578275042712546
SG_014012,0.113746248635769
SG_014014,0.21867999469300736
SG_014015,0.22668486496220858
SG_014016,0.14655627392966303
SG_014017,0.26843564382360297
SG_014018,0.0503067979616216
SG_014020,0.15362384645565313
SG_014021,0.12720071996112584
SG_014022,0.12883004471830975
SG_014023,0.17732446884642858
SG_014026,0.2397996200604594
SG_014030,0.16124150667926812
SG_014031,0.19492079060458664
SG_014036,0.1518695259705456
SG_014037,0.08111918674493478
SG_014039,0.1311763380641123
SG_014045,0.1262131485255565
SG_014046,0.1908742065367534
SG_014047,0.1788951251786374
SG_014050,0.07585895584666463
SG_014053,0.3472907994215165
SG_014058,0.2905752737190328
SG_014059,0.2195510642609923
SG_014062,0.13303301326085018
SG_014067,0.1958267763007671
SG_014072,0.08289088800317114
SG_014073,0.2634668590934416
SG_014075,0.1692195946122677
SG_014081,0.1771310285455755
SG_014085,0.10596425298637212
SG_014088,0.13599854893866284
SG_014096,0.21077028332610237
SG_014099,0.19179974176930253
SG_014102,0.13140122874965807
SG_014105,0.23338239748239037
SG_014111,0.2680835881543752
SG_014113,0.2121454175852713
SG_014116,0.08699239187522013
SG_014122,0.16829111629985433
SG_014123,0.22242774477658342
SG_014124,0.256913714009727
SG_014130,0.27822480368824876
SG_014132,0.17504216024770317
SG_014135,0.25082460217564256
SG_014136,0.11354282317140182
SG_014139,0.14233465734311088
SG_014140,0.14606315369469494
SG_014141,0.20025156760700064
SG_014146,0.20607595866529793
SG_014155,0.11288574470699753
SG_014157,0.19124193917213514
SG_014161,0.15076235924578324
SG_014162,0.1303860850458321
SG_014165,0.1787615956078691
SG_014167,0.23047371006719813
SG_014168,0.16525992956214258
SG_014172,0.10559373425242032
SG_014176,0.13786495763096174
SG_014177,0.33281638923879164
SG_014184,0.2744122549376824
SG_014186,0.20516439210491708
SG_014188,0.12971422257139614
SG_014190,0.10430732846654775
SG_014191,0.13516314812581337
SG_014192,0.11559734564987653
SG_014194,0.17820119260471906
SG_014196,0.1516135586258009
SG_014197,0.30263092514282214
SG_014205,0.11945128447317038
SG_014210,0.14452345707955455
SG_014217,0.13595796094467938
SG_014219,0.2246436692552088
SG_014223,0.2073698834359607
SG_014235,0.10940829279300351
SG_014237,0.25620156427531593
SG_014243,0.14917842382832755
SG_014248,0.21572264998583932
SG_014249,0.20534286191788811
SG_014259,0.19069200020169896
SG_014269,0.19796171213177954
SG_014270,0.20449276316513804
SG_014272,0.05104683817282246
SG_014277,0.09594612124817013
SG_014288,0.11818534481676601
SG_014290,0.1354268258654386
SG_014292,0.17657843365818143
SG_014293,0.1450663252380618
SG_014295,0.24495636911904506
SG_014299,0.10941255647571349
SG_014308,0.1829179259787843
SG_014309,0.12351652825405864
SG_014311,0.3135250760220024
SG_014314,0.2268686960180545
SG_014319,0.07466682696947136
SG_014320,0.10209393461335084
SG_014321,0.3547987414565489
SG_014328,0.1801728107687563
SG_014334,0.10603534480839885
SG_014335,0.17302752826152532
SG_014339,0.2537187107517682
SG_014342,0.12735198016432
SG_014343,0.3202446437187104
SG_014345,0.12873943709579194
SG_014363,0.1614532648778876
SG_014368,0.10777359322503931
SG_014370,0.06607724667758116
SG_014373,0.17232982752496048
SG_014375,0.1238769342069873
SG_014380,0.24727126726783416
SG_014383,0.27729429222037855
SG_014385,0.23532862481230815
SG_014386,0.19133866311071712
SG_014387,0.1383999793930836
SG_014389,0.1781487984227144
SG_014391,0.11819906439182852
SG_014394,0.16974038257189245
SG_014398,0.10104168003241518
SG_014402,0.14342046120653093
SG_014409,0.13350889882634193
SG_014411,0.22155675102558026
SG_014415,0.17926445224444765
SG_014416,0.11637133104328129
SG_014418,0.12177778208146334
SG_014425,0.1689794771999984
SG_014426,0.22952492517778703
SG_014431,0.18804857834670607
SG_014432,0.37995507195499056
SG_014446,0.17814398241497775
SG_014447,0.15293470835783687
SG_014457,0.14288578472186148
SG_014465,0.17063358241696353
SG_014466,0.10043918484311609
SG_014469,0.1267792615593102
SG_014474,0.1049731215692173
SG_014484,0.13381925377635956
SG_014486,0.10424788893471158
SG_014488,0.11830344234442122
SG_014491,0.16435237939034691
SG_014495,0.28172844889913856
SG_014512,0.2966360800356233
SG_014514,0.14812712230041053
SG_014516,0.19759620973797004
SG_014519,0.09894201099900857
SG_014522,0.09613664959178592
SG_014529,0.21064865420286477
SG_014538,0.1709473821780545
SG_014544,0.19860623913697983
SG_014551,0.15882593111707516
SG_014552,0.18593755908391224
SG_014556,0.15152386651728988
SG_014562,0.17950565385291373
SG_014565,0.06477862304984008
SG_014566,0.25607840083077094
SG_014568,0.08973570598436173
SG_014569,0.061773994036816104
SG_014570,0.1616640629555304
SG_014578,0.1264350320420361
SG_014579,0.1765774017279245
SG_014581,0.15519716525693403
SG_014582,0.17424374780904942
SG_014583,0.1621138591166499
SG_014587,0.24668981240268414
SG_014594,0.11682441683252316
SG_014596,0.17716237229426096
SG_014597,0.13755369038092896
SG_014607,0.18607683889958354
SG_014611,0.1205101555969911
SG_014616,0.15406427109813697
SG_014617,0.11711156857685415
SG_014618,0.21580307259428724
SG_014619,0.10927808207425
SG_014621,0.14420988162015191
SG_014626,0.2534242941694197
SG_014634,0.08166864610486911
SG_014635,0.1124778398049236
SG_014636,0.18105253300285234
SG_014637,0.14313601720343047
SG_014640,0.15649245813898202
SG_014641,0.1568683875682022
SG_014645,0.12595457174213856
SG_014647,0.10181557180800396
SG_014653,0.16611567392160037
SG_014655,0.11718932391727556
SG_014656,0.25407865805780344
SG_014657,0.2700628695128336
SG_014660,0.24214958240220236
SG_014667,0.07824556406125024
SG_014672,0.24433629185097153
SG_014677,0.1673217492675653
SG_014680,0.1929034323743322
SG_014681,0.17090548049185095
SG_014687,0.20875033756776765
SG_014690,0.205344242880841
SG_014691,0.18952302374788177
SG_014700,0.2142449906376569
SG_014701,0.30972965037698313
SG_014702,0.09006882797532464
SG_014703,0.13721678829044542
SG_014712,0.23687561771525567
SG_014713,0.10103239381202894
SG_014718,0.15511885424562524
SG_014720,0.18891460976538538
SG_014723,0.14925048806550864
SG_014729,0.24968180903135517
SG_014731,0.19748933373661082
SG_014733,0.1505296062970796
SG_014735,0.2530443486786613
SG_014742,0.062113935931677265
SG_014746,0.07018281904073548
SG_014748,0.0926098361753731
SG_014749,0.1330812737722878
SG_014753,0.13215448068245886
SG_014754,0.14350141806699865
SG_014757,0.1139651353879722
SG_014771,0.12944802659347765
SG_014774,0.17743508667817415
SG_014777,0.11069656856828033
SG_014778,0.3223655631457664
SG_014780,0.1743667053918262
SG_014787,0.17621150986709316
SG_014800,0.19244279478809181
SG_014801,0.33758065089455125
SG_014802,0.19007988734251582
SG_014803,0.2103869078817157
SG_014808,0.10046263407216689
SG_014812,0.09214145637957553
SG_014813,0.09743040570240277
SG_014815,0.2602701907000729
SG_014824,0.06226604448633767
SG_014825,0.2682370960836535
SG_014827,0.1548428705364467
SG_014830,0.08332582696261204
SG_014834,0.11244234094070688
SG_014839,0.2807736967325688
SG_014844,0.17689878337618542
SG_014865,0.15671892285480327
SG_014866,0.14201230519089927
SG_014867,0.196654215278189
SG_014871,0.21703338917541293
SG_014874,0.17318600788301802
SG_014875,0.11627047281645274
SG_014879,0.1345536399437138
SG_014880,0.08468511275359075
SG_014882,0.16392293964037846
SG_014885,0.20639026341359695
SG_014887,0.27305882815463894
SG_014894,0.16406243729025907
SG_014895,0.1815989354321123
SG_014898,0.14124308905003086
SG_014900,0.1946547632120189
SG_014906,0.19771658709352014
SG_014909,0.18564952454846592
SG_014914,0.14580532569755564
SG_014919,0.10602249146119562
SG_014921,0.17040009070878287
SG_014939,0.2615657451037944
SG_014940,0.16644767394682655
SG_014945,0.11195848293872021
SG_014946,0.1196420599362068
SG_014951,0.18004980593844938
SG_014953,0.4485125681062333
SG_014955,0.14888221718942732
SG_014959,0.12891864605478742
SG_014961,0.211459272208436
SG_014964,0.2215884158003012
SG_014965,0.07239101872806515
SG_014966,0.16917785400774368
SG_014969,0.16979225377522522
SG_014972,0.17922812452922002
SG_014976,0.15803215537665893
SG_014979,0.06760019922238525
SG_014980,0.131034613787954
SG_014984,0.2036941382154967
SG_014990,0.09865201563173479
SG_014998,0.1288504377084389
SG_014999,0.08030673156745616
SG_015001,0.17946152019800263
SG_015002,0.22943933642724615
SG_015014,0.1813943624645859
SG_015015,0.13437371266629133
SG_015021,0.187158621108887
SG_015026,0.20349602920858484
SG_015031,0.21853810608852994
SG_015036,0.13041528235840633
SG_015039,0.0823522819728687
SG_015042,0.1232304465302761
SG_015044,0.15154661443412576
SG_015046,0.16259496687439645
SG_015047,0.26566655835476777
SG_015050,0.13438377261218512
SG_015054,0.18689095924210777
SG_015066,0.19000505308550447
SG_015068,0.38113140925117284
SG_015071,0.1637453445897324
SG_015075,0.0966592515933058
SG_015076,0.10602798806382052
SG_015081,0.19615075051488168
SG_015082,0.1463081562544458
SG_015085,0.08770060333295068
SG_015093,0.22013894481144736
SG_015095,0.15435246495189264
SG_015099,0.06634314032766533
SG_015102,0.11532994029593105
SG_015103,0.22056689922433098
SG_015111,0.10204181095143047
SG_015112,0.09318172646708021
SG_015118,0.11710300107310874
SG_015125,0.11922017979646639
SG_015126,0.0954114948417609
SG_015127,0.1450266277596326
SG_015129,0.13938294076703694
SG_015134,0.18217848108741788
SG_015135,0.10295419574251546
SG_015137,0.13862926848747398
SG_015138,0.21238557217288356
SG_015144,0.23050906090642287
SG_015146,0.14082149278789208
SG_015152,0.1865718863068398
SG_015155,0.14221760684941032
SG_015158,0.2487034670989732
SG_015159,0.11564585133202847
SG_015161,0.22203898461374272
SG_015165,0.23516704341110467
SG_015167,0.16706450370413287
SG_015169,0.17531313389024844
SG_015176,0.21508840416324543
SG_015180,0.1390751267960498
SG_015183,0.0989493969749454
SG_015189,0.16169649175411516
SG_015190,0.0841512185525238
SG_015192,0.0713069013775281
SG_015195,0.10773842068135525
SG_015197,0.18078722940029357
SG_015201,0.20804643273131804
SG_015202,0.13676590876075242
SG_015214,0.12322946154576495
SG_015215,0.2060663324612488
SG_015217,0.08901367261219023
SG_015222,0.14364496112936304
SG_015224,0.14579865781048887
SG_015235,0.10455782978968371
SG_015239,0.14551393338927415
SG_015246,0.12189032642464223
SG_015251,0.20586726632279467
SG_015252,0.2254255313037854
SG_015256,0.18980362585209343
SG_015257,0.1716489167968262
SG_015261,0.15514218802149335
SG_015262,0.17242577619766675
SG_015263,0.19049690787307633
SG_015269,0.1803514194083334
SG_015270,0.10823615284372905
SG_015272,0.18974545825382966
SG_015276,0.28948857374829073
SG_015277,0.152097387917365
SG_015278,0.09028408247080968
SG_015279,0.1556568916461199
SG_015280,0.24746301292446007
SG_015283,0.12962881498835202
SG_015284,0.1577968449480274
SG_015289,0.2567146594903223
SG_015290,0.20320230247161664
SG_015294,0.1725012546149141
SG_015296,0.10467823982704919
SG_015297,0.34996118132931947
SG_015302,0.0808348253592101
SG_015304,0.205031374467
SG_015308,0.18433469138399836
SG_015309,0.1737778831731019
SG_015312,0.2652679027235026
SG_015317,0.2213462578031515
SG_015322,0.1317297959075716
SG_015323,0.12231082637574932
SG_015326,0.21230287491019362
SG_015329,0.09665083299062384
SG_015337,0.13916790442523497
SG_015339,0.15005563666709437
SG_015340,0.12009831990092952
SG_015341,0.22541760752366724
SG_015346,0.15359889639922236
SG_015348,0.12394182813399136
SG_015349,0.15047043940325505
SG_015351,0.2674946134797258
SG_015355,0.16340390445327735
SG_015356,0.24408453754205814
SG_015360,0.13985237029535058
SG_015361,0.1639590080911444
SG_015362,0.36795364457894675
SG_015363,0.09174894091552052
SG_015369,0.19614855045864887
SG_015372,0.1161233580179298
SG_015375,0.10644194289202805
SG_015381,0.1832194633111669
SG_015382,0.1364925455678745
SG_015383,0.13951492009823832
SG_015384,0.15195107899704885
SG_015388,0.13382407287409426
SG_015395,0.17233333094225756
SG_015397,0.232396380403461
SG_015399,0.20766268020288234
SG_015400,0.19643804991692804
SG_015401,0.12941077235323828
SG_015402,0.20014313734826342
SG_015403,0.14694643576707997
SG_015406,0.19710822973434866
SG_015412,0.2231639115913403
SG_015421,0.2961333672120774
SG_015424,0.23913106960005737
SG_015425,0.14961626915086068
SG_015428,0.140117147377264
SG_015430,0.14100701960675333
SG_015431,0.17483506672524973
SG_015439,0.11535053404339364
SG_015440,0.07168927780703378
SG_015446,0.20665208925099685
SG_015447,0.1508371083392003
SG_015448,0.12154230921166194
SG_015452,0.11450361031608895
SG_015454,0.27285446437274957
SG_015458,0.28937231073693487
SG_015462,0.1382593395322726
SG_015463,0.22524701011538206
SG_015464,0.16984872882985474
SG_015466,0.1287486971650422
SG_015467,0.19929429335126136
SG_015470,0.1451586490010673
SG_015473,0.17149722091114336
SG_015479,0.09065171051905987
SG_015481,0.18621154231852613
SG_015483,0.16050807996875316
SG_015492,0.17974918965756037
SG_015495,0.10602007498367824
SG_015498,0.1509660198882775
SG_015503,0.15557883228748415
SG_015507,0.1763701697274488
SG_015512,0.10637547271234225
SG_015514,0.15534137930008046
SG_015517,0.18444174206638925
SG_015520,0.36642256433007203
SG_015524,0.1297784787703575
SG_015526,0.16766691812953047
SG_015527,0.10562120170373179
SG_015535,0.10690367652462437
SG_015537,0.23831008526014036
SG_015538,0.18654162260106288
SG_015540,0.21481280172189124
SG_015542,0.09905290006984345
SG_015543,0.307708669972097
SG_015544,0.13461872371557015
SG_015546,0.1960683366716493
SG_015547,0.1741245829977715
SG_015550,0.10606034110480211
SG_015556,0.18569882376145197
SG_015558,0.15388046033756014
SG_015559,0.3814167273331569
SG_015560,0.11989590253424146
SG_015562,0.07246577514865049
SG_015565,0.11596133563650565
SG_015568,0.28784920516161333
SG_015572,0.0645415354219988
SG_015576,0.08725850117586209
SG_015578,0.061780486823314856
SG_015580,0.133127869762558
SG_015582,0.13248568102918307
SG_015584,0.1890136580899075
SG_015585,0.14843000242170806
SG_015586,0.14773996300704617
SG_015587,0.14773059809450356
SG_015589,0.2394261146770842
SG_015590,0.13184430670365854
SG_015591,0.21623817944398346
SG_015593,0.1294016101153318
SG_015597,0.12864021246811877
SG_015598,0.22063176688122976
SG_015600,0.27172320136960043
SG_015606,0.2980335787884164
SG_015613,0.23969783567814834
SG_015615,0.3000051579085708
SG_015617,0.151596095234103
SG_015619,0.15670473996808895
SG_015623,0.16409219515994186
SG_015627,0.21234792345727452
SG_015637,0.09434284497131946
SG_015641,0.20185118836132093
SG_015644,0.14704203765029986
SG_015649,0.0843932734501515
SG_015654,0.2973152500998953
SG_015655,0.32395800567648814
SG_015656,0.10423987193777828
SG_015659,0.15433759492148835
SG_015662,0.2645738105132846
SG_015664,0.11703487310661613
SG_015671,0.20021413139904198
SG_015675,0.07632936186025141
SG_015678,0.09730107228615703
SG_015680,0.12944686944158723
SG_015681,0.06159430500507627
SG_015682,0.2098818502210495
SG_015684,0.080333543847924
SG_015693,0.18035586557759542
SG_015708,0.20877082879782502
SG_015715,0.2160416120600788
SG_015716,0.1794102058935187
SG_015718,0.10510623211183948
SG_015721,0.17907498725600846
SG_015724,0.16541418983922834
SG_015726,0.19137455155998012
SG_015729,0.11715336945482113
SG_015730,0.1296738662387836
SG_015735,0.06633513465956369
SG_015738,0.2420883396099719
SG_015743,0.10430276486648123
SG_015744,0.12619706902159866
SG_015746,0.11462492327777249
SG_015756,0.13431855081590147
SG_015762,0.19467889526791132
SG_015763,0.1409553606233392
SG_015766,0.16515595566257624
SG_015769,0.18741519273980595
SG_015770,0.12224139566384697
SG_015772,0.10847573567340209
SG_015773,0.20734693070500346
SG_015780,0.14317329002779347
SG_015790,0.15449485874591917
SG_015797,0.1266861263031884
SG_015806,0.09521175256182363
SG_015810,0.17582337135478743
SG_015815,0.11588840472653965
SG_015817,0.296424221662982
SG_015818,0.19444195059609704
SG_015819,0.12082703271506029
SG_015820,0.20943518166970587
SG_015827,0.2280739639955614
SG_015828,0.1517934094537537
SG_015829,0.14435615885260186
SG_015832,0.13935944323138602
SG_015833,0.17776521999172015
SG_015834,0.08742694795006496
SG_015838,0.19864659832981407
SG_015840,0.2041778489917084
SG_015842,0.17804776228394809
SG_015845,0.16289359401680295
SG_015849,0.13971867880092648
SG_015857,0.11177324162401325
SG_015859,0.07066675516491022
SG_015860,0.2986922367068348
SG_015867,0.0810598976618249
SG_015873,0.15340275592640568
SG_015878,0.2129102206597389
SG_015879,0.06945663200924485
SG_015880,0.20128931101336753
SG_015881,0.08577020133240118
SG_015884,0.12429530164993358
SG_015885,0.07515189501760253
SG_015891,0.1290712543765593
SG_015893,0.1208633629445419
SG_015898,0.18777152633768135
SG_015900,0.2685296601492055
SG_015901,0.13668354247440637
SG_015907,0.18880864754368867
SG_015908,0.15290583093799073
SG_015910,0.22138659322619764
SG_015914,0.20184042650662803
SG_015917,0.3177962208463916
SG_015921,0.2523027935391677
SG_015922,0.27873504432510476
SG_015928,0.25067647437144863
SG_015939,0.13062619545576903
SG_015940,0.10997943600952392
SG_015942,0.2291451974093454
SG_015943,0.2479159553305496
SG_015947,0.09266196246602401
SG_015950,0.1520016378089047
SG_015951,0.22063552168663575
SG_015955,0.11739770189474197
SG_015964,0.1722164729640568
SG_015965,0.0847231499321606
SG_015972,0.09013524732103008
SG_015973,0.10098155584020194
SG_015975,0.10306547464322914
SG_015977,0.19890016563061408
SG_015978,0.18966668794793945
SG_015979,0.3144385946650943
SG_015980,0.09387242219129575
SG_015981,0.17916630008382337
SG_015985,0.1914860738405235
SG_015988,0.12141365293228486
SG_015989,0.12246395686341993
SG_015990,0.1929352951507436
SG_015998,0.19574679738279827
SG_015999,0.07613390412096965
SG_016002,0.21298387792011236
SG_016003,0.1215351126504236
SG_016004,0.17083385342715512
SG_016008,0.40275521847463136
SG_016010,0.3152330105687043
SG_016013,0.1956584607555773
SG_016015,0.19531594409374617
SG_016020,0.11270540804273757
SG_016021,0.18448279711168714
SG_016022,0.15456536653988004
SG_016027,0.1800235150277807
SG_016028,0.08803627535028101
SG_016029,0.10071089176893581
SG_016030,0.2834329582243522
SG_016045,0.17021978610899063
SG_016048,0.15022593639364687
SG_016049,0.10934803405963432
SG_016054,0.4357571704902158
SG_016056,0.19809831355844854
SG_016060,0.11656896000943179
SG_016065,0.0747870231140563
SG_016081,0.09186349619946854
SG_016085,0.0652118458247669
SG_016089,0.133721125644902
SG_016091,0.24641088616654216
SG_016092,0.1851593300585011
SG_016101,0.23514244056276268
SG_016102,0.25331264839452233
SG_016103,0.23083849763701336
SG_016108,0.07177927637868012
SG_016109,0.16629382857221997
SG_016111,0.25164223623161425
SG_016113,0.1443516118408049
SG_016114,0.14381773157610184
SG_016115,0.15480227162616417
SG_016116,0.15775281802047264
SG_016119,0.11408072726935356
SG_016124,0.051781292382069743
SG_016127,0.1974990314710965
SG_016132,0.29933953670755686
SG_016133,0.08662244828279905
SG_016134,0.18590416235766866
SG_016138,0.12936173901866904
SG_016140,0.13000641609303998
SG_016146,0.31944153144261617
SG_016147,0.1730975546249934
SG_016156,0.23583900849681377
SG_016158,0.11327053721096655
SG_016159,0.23107683106375382
SG_016160,0.06589819610369602
SG_016161,0.07499034742665198
SG_016163,0.2250273750919719
SG_016164,0.12293504159073108
SG_016165,0.19350016638104045
SG_016166,0.07279196281877025
SG_016171,0.18942979480599448
SG_016172,0.25207338863999207
SG_016174,0.15454266398385186
SG_016176,0.12036045034617943
SG_016179,0.21859396836914297
SG_016181,0.1734358137844295
SG_016183,0.13772045789480808
SG_016185,0.19539261653836676
SG_016186,0.1083248055831583
SG_016187,0.05447116956428562
SG_016188,0.21838812362467513
SG_016190,0.09289945559040091
SG_016194,0.22001606771490798
SG_016195,0.11352504951673631
SG_016196,0.23716744097442155
SG_016197,0.18712261881580733
SG_016211,0.09305150599455644
SG_016214,0.28650324464262367
SG_016215,0.12439751950519409
SG_016219,0.14004075600735297
SG_016221,0.1877184567237754
SG_016222,0.1233500877331868
SG_016224,0.1381406537355989
SG_016225,0.23227090905854014
SG_016233,0.18123525569206334
SG_016234,0.1389137881020203
SG_016235,0.11190456719684537
SG_016238,0.06990670350053986
SG_016242,0.1758425464944524
SG_016244,0.06890209445156804
SG_016245,0.1292479439126758
SG_016246,0.263513555983399
SG_016249,0.1687130763488119
SG_016251,0.3000975173733058
SG_016252,0.3696797526222826
SG_016259,0.26318237321799026
SG_016262,0.16888156924412753
SG_016263,0.056074224917384285
SG_016268,0.1373671669701348
SG_016270,0.12031157592283889
SG_016272,0.2614365914884909
SG_016273,0.23587705142048704
SG_016275,0.22596354821672388
SG_016278,0.15176790139492158
SG_016282,0.16210324353585634
SG_016285,0.12460453241647401
SG_016289,0.18929401776418814
SG_016292,0.1125468009211423
SG_016297,0.12219951596918208
SG_016299,0.12791404112019947
SG_016310,0.14500124883343105
SG_016315,0.09635574496135715
SG_016316,0.22321457859313765
SG_016318,0.11257983901486726
SG_016324,0.11970867448096018
SG_016326,0.11229053044997822
SG_016327,0.2351821084240498
SG_016330,0.05605662430947629
SG_016331,0.22406899630286997
SG_016332,0.07091556643792263
SG_016333,0.24218182806737115
SG_016334,0.09667047841618405
SG_016337,0.1119176152995819
SG_016341,0.13301630166776218
SG_016343,0.133993300817046
SG_016345,0.32048390497933543
SG_016346,0.18147764619737905
SG_016349,0.17481616707215217
SG_016351,0.11178967385014629
SG_016352,0.047744137801329
SG_016354,0.18521929993255903
SG_016363,0.15735638900691823
SG_016372,0.19532737936363817
SG_016375,0.15341419084845007
SG_016382,0.09786264295929425
SG_016384,0.12555734655584316
SG_016386,0.09305025385783654
SG_016389,0.1510782402349746
SG_016392,0.15181610646896337
SG_016393,0.17496665915083903
SG_016394,0.26445221417434234
SG_016401,0.13036610848295632
SG_016402,0.13676235707143294
SG_016405,0.19266767021770081
SG_016414,0.2523349690743467
SG_016421,0.1147851783842952
SG_016424,0.1530951698557592
SG_016425,0.13707108880564017
SG_016429,0.08161020331789509
SG_016431,0.16566998451737508
SG_016432,0.13562067414854226
SG_016435,0.19258684681003507
SG_016436,0.27315747523095607
SG_016443,0.10251389934320401
SG_016445,0.15981217097522812
SG_016450,0.16103984587216177
SG_016452,0.15072969550722531
SG_016456,0.3239430314917744
SG_016462,0.07305369724908603
SG_016463,0.1408670330447023
SG_016474,0.17799333161692754
SG_016482,0.12979918381438446
SG_016488,0.20142779677100647
SG_016502,0.11712406943573651
SG_016503,0.17522029906827793
SG_016507,0.23327018401764427
SG_016508,0.1362636025617946
SG_016511,0.1643473970621891
SG_016512,0.17135922550443244
SG_016517,0.18245862899014986
SG_016518,0.2469125448886439
SG_016520,0.14948797147426202
SG_016522,0.29024754161248356
SG_016524,0.10079267566792767
SG_016526,0.20944640902240996
SG_016528,0.13771759468427455
SG_016529,0.18653555591024168
SG_016532,0.17165464394240512
SG_016535,0.06909614650735296
SG_016537,0.07960718917361556
SG_016539,0.06930472762949694
SG_016542,0.13225411618144325
SG_016545,0.08782131495181059
SG_016547,0.15078639847670222
SG_016548,0.1454326486918431
SG_016554,0.20021287925115233
SG_016562,0.22084703806233144
SG_016563,0.1796244502516027
SG_016566,0.11091576257324509
SG_016567,0.10115163472573135
SG_016580,0.13760599552957875
SG_016581,0.14183168561712683
SG_016585,0.2820836277533918
SG_016600,0.14601997516534773
SG_016603,0.16575643514639368
SG_016604,0.13629515428308595
SG_016606,0.2096789576578085
SG_016609,0.14556679443099418
SG_016612,0.1702977147517378
SG_016613,0.12370780381677385
SG_016614,0.15331445688473896
SG_016623,0.14630341423850177
SG_016625,0.2866916974542004
SG_016632,0.2204334655338439
SG_016634,0.1136954732868131
SG_016637,0.17152215919586133
SG_016641,0.2300726339192883
SG_016646,0.13178514308753664
SG_016647,0.11134994719025557
SG_016660,0.08883237183285914
SG_016662,0.1839192272850384
SG_016670,0.24148314790193717
SG_016671,0.11079666135148891
SG_016673,0.11950555621125106
SG_016675,0.181590967490719
SG_016685,0.16561032839484574
SG_016689,0.22758427843194332
SG_016690,0.22161698324445747
SG_016691,0.08790771160315286
SG_016692,0.18728333581208695
SG_016696,0.17645235660109404
SG_016698,0.06504032837208516
SG_016699,0.0712980830685631
SG_016703,0.1204035234225583
SG_016704,0.21731206837761213
SG_016705,0.1512172958653128
SG_016708,0.18007382934537133
SG_016710,0.11803601491156368
SG_016711,0.13989393055080593
SG_016714,0.1506050552697095
SG_016716,0.07981361180423652
SG_016719,0.0903055607996652
SG_016720,0.11811197422559916
SG_016721,0.11496375578628874
SG_016723,0.1110146116922565
SG_016732,0.2287660858266352
SG_016733,0.33200262343861875
SG_016736,0.10763575290561014
SG_016737,0.102495192319156
SG_016738,0.1583184554162507
SG_016741,0.20533786683362137
SG_016745,0.19826721396552616
SG_016746,0.15002709026396488
SG_016752,0.156956781403129
SG_016754,0.10854120842223774
SG_016758,0.18725218880810734
SG_016763,0.12887834874057094
SG_016765,0.2686564653748863
SG_016769,0.10968290063908892
SG_016776,0.18650129176659977
SG_016778,0.2542712321031235
SG_016779,0.15023333399150365
SG_016780,0.34378845274490116
SG_016783,0.23331498713043822
SG_016785,0.11259920268821666
SG_016786,0.2586737857231319
SG_016792,0.1673754269932347
SG_016793,0.13823738625808352
SG_016794,0.33520642058228506
SG_016805,0.15791843031609612
SG_016807,0.2073863734944033
SG_016810,0.14833118380160695
SG_016813,0.12516612876678931
SG_016818,0.1958610449405791
SG_016819,0.06993313222915336
SG_016823,0.24560402651597785
SG_016827,0.12290500699662552
SG_016828,0.12424793532742529
SG_016832,0.151648339072647
SG_016834,0.40086940505661506
SG_016837,0.27378340247793753
SG_016840,0.13961237260730947
SG_016843,0.21655586414195727
SG_016847,0.14942975777618314
SG_016849,0.10996519885801541
SG_016851,0.1770406946544032
SG_016857,0.12118273647482772
SG_016858,0.3261225409027324
SG_016859,0.14637424547299918
SG_016861,0.15848104610936162
SG_016863,0.1442989114922978
SG_016874,0.46905030208102205
SG_016877,0.0853364362480742
SG_016881,0.2636073984213038
SG_016885,0.1800890980472521
SG_016887,0.21968999711316578
SG_016888,0.16817250407588896
SG_016891,0.15088301012366898
SG_016893,0.10568295727207225
SG_016895,0.1747016605059435
SG_016900,0.1468819269174796
SG_016902,0.14732547250725622
SG_016904,0.14316777416422544
SG_016909,0.11431989883242256
SG_016911,0.28222816087846564
SG_016924,0.07699896494362599
SG_016925,0.12673131129423745
SG_016928,0.22104052655052375
SG_016937,0.05969463987424554
SG_016939,0.21676314551483855
SG_016941,0.18739733876414344
SG_016944,0.2396066084344727
SG_016946,0.1423001520947125
SG_016951,0.17129006592314572
SG_016961,0.2514492077399129
SG_016963,0.12702574034634667
SG_016967,0.09058413721120485
SG_016968,0.2266433050605382
SG_016971,0.18594882763448034
SG_016973,0.09307406829701065
SG_016974,0.19111514448877198
SG_016975,0.23527222130315098
SG_016976,0.14934371668337174
SG_016986,0.1345013631905393
SG_016989,0.17618996710879103
SG_016990,0.24501483451243317
SG_017003,0.23457429466731305
SG_017005,0.09378286644128696
SG_017006,0.09334284242632557
SG_017016,0.14689891051823617
SG_017018,0.17433379104423774
SG_017021,0.0990208305083743
SG_017026,0.10675219154154474
SG_017028,0.14871705523672363
SG_017040,0.1743022559451684
SG_017043,0.11348461944169111
SG_017044,0.216928948542006
SG_017046,0.22213640168938917
SG_017048,0.12267703434561053
SG_017049,0.098496239261918
SG_017050,0.10553147937624843
SG_017055,0.21580916273436845
SG_017056,0.12805708706067218
SG_017062,0.10225741419826118
SG_017067,0.10100518363941469
SG_017070,0.18725809566271878
SG_017071,0.32344979027932397
SG_017076,0.15530508251759753
SG_017077,0.17570409304929283
SG_017079,0.07511489926174074
SG_017080,0.10474436067667425
SG_017085,0.24475159263766272
SG_017098,0.14717875527722216
SG_017103,0.16342318098460407
SG_017110,0.1705716750871527
SG_017111,0.2611780544504919
SG_017114,0.1137003670019586
SG_017116,0.27683482811922855
SG_017123,0.08297441301870451
SG_017124,0.18100435318338107
SG_017126,0.15176282508734995
SG_017127,0.10955029805619136
SG_017130,0.18179782881773082
SG_017139,0.3062446458863509
SG_017144,0.13037106788855396
SG_017145,0.15916209352800922
SG_017146,0.18567733291396363
SG_017154,0.16058071945267938
SG_017158,0.1829638469891009
SG_017170,0.16373330560444344
SG_017171,0.2201267517483763
SG_017172,0.06210948749789816
SG_017182,0.06420542614016853
SG_017187,0.10450078591544584
SG_017190,0.2027574304555693
SG_017192,0.1545082936746239
SG_017193,0.12411229731703881
SG_017195,0.22981291111869928
SG_017202,0.2262220277656914
SG_017206,0.15335619854189628
SG_017208,0.1170786241722449
SG_017213,0.18425720680776186
SG_017218,0.07809172367535556
SG_017220,0.20725235011405296
SG_017223,0.1390047065633886
SG_017224,0.19433587766800609
SG_017225,0.14491771356452574
SG_017227,0.10740953522222432
SG_017228,0.18705804491357994
SG_017230,0.11803888157396264
SG_017232,0.24030479480627584
SG_017235,0.18228689632235306
SG_017239,0.1975760845499962
SG_017241,0.21669892840106977
SG_017245,0.0958210694294158
SG_017250,0.3012401386066367
SG_017254,0.10662603688614722
SG_017255,0.1526799280425351
SG_017266,0.12983157130123282
SG_017269,0.14170181895710277
SG_017272,0.11556969262988069
SG_017276,0.1280042969178588
SG_017279,0.08163786378421035
SG_017281,0.07896126095100452
SG_017287,0.19833346874365
SG_017288,0.11645330754402339
SG_017292,0.16341109086748723
SG_017294,0.2562147550591282
SG_017296,0.11127809311443071
SG_017303,0.12874821951970808
SG_017304,0.12527958482793314
SG_017309,0.17690566677466485
SG_017311,0.1598619890747828
SG_017316,0.053084146635469565
SG_017317,0.20348694032466336
SG_017318,0.2100472638641489
SG_017323,0.22193514458514177
SG_017328,0.21697529024559292
SG_017338,0.1861382001270253
SG_017339,0.14482675958674185
SG_017347,0.18164370952047632
SG_017348,0.12518988275926765
SG_017349,0.11398807608254075
SG_017350,0.11877693960617378
SG_017354,0.10018782085969574
SG_017358,0.24392341388557698
SG_017360,0.06948673611210401
SG_017361,0.1535191326576223
SG_017364,0.21077319638756006
SG_017368,0.12216100807070254
SG_017373,0.1256071354096006
SG_017376,0.19968393890434466
SG_017383,0.19760443251796872
SG_017385,0.10910492844226752
SG_017391,0.17815733433364642
SG_017399,0.30082115441461665
SG_017402,0.040527474079012984
SG_017405,0.11612450818987852
SG_017406,0.11822420900417499
SG_017416,0.18034351629199574
SG_017419,0.2206137261184788
SG_017421,0.13208353164208295
SG_017423,0.23673422139508085
SG_017425,0.23789060469759873
SG_017428,0.1535558753951393
SG_017431,0.1716672059633335
SG_017432,0.21735344647143823
SG_017438,0.2703802238946567
SG_017439,0.08142004834869071
SG_017445,0.07832668857366719
SG_017448,0.07272173375373411
SG_017452,0.21595293403084806
SG_017454,0.23276079041553538
SG_017457,0.1123702004172957
SG_017458,0.2370078019759359
SG_017464,0.09139905207005553
SG_017465,0.10651265475612014
SG_017466,0.3212200824540022
SG_017467,0.2678455050121857
SG_017475,0.13792177805775016
SG_017479,0.20240261188202327
SG_017480,0.05966903465451445
SG_017481,0.34235048741435503
SG_017482,0.18359812027244365
SG_017484,0.15666554342782713
SG_017486,0.18040092619936665
SG_017501,0.060296077435821126
SG_017504,0.14988980849283962
SG_017507,0.2407985608504749
SG_017509,0.10707904051217948
SG_017513,0.09553056290084908
SG_017514,0.21271049984452173
SG_017516,0.06209364146536501
SG_017518,0.10866176039165526
SG_017521,0.26289779069988617
SG_017526,0.1493538803890663
SG_017529,0.1654512360445186
SG_017532,0.13414735152562932
SG_017535,0.1615662431311107
SG_017537,0.1041836316285005
SG_017538,0.16552076463521584
SG_017542,0.16001674626570747
SG_017545,0.43303603639191585
SG_017549,0.2446000758640865
SG_017557,0.08479972339417827
SG_017559,0.16563798478178904
SG_017560,0.1043535823978462
SG_017562,0.1686723308749942
SG_017563,0.20869147513976918
SG_017565,0.15566301142976413
SG_017572,0.11988034505717127
SG_017575,0.47428446708171346
SG_017577,0.19976577781357077
SG_017578,0.07278321042951343
SG_017579,0.2806318831736446
SG_017580,0.09430495842783528
SG_017581,0.2496027760263338
SG_017589,0.18813769372327172
SG_017590,0.12819444358023843
SG_017594,0.20196814089780996
SG_017597,0.15780393880057658
SG_017604,0.2624233814020791
SG_017605,0.20731362618098886
SG_017606,0.15073900112453523
SG_017607,0.14317172612823287
SG_017611,0.1760674611668869
SG_017615,0.09061870946386061
SG_017616,0.10371662570781258
SG_017617,0.2860386378487292
SG_017621,0.1456079348415712
SG_017622,0.20722173293011248
SG_017629,0.14272688049238733
SG_017630,0.09631075797229552
SG_017634,0.11920623357829438
SG_017639,0.1386328193553824
SG_017642,0.15181279705912967
SG_017646,0.20037330802737793
SG_017657,0.20956977784661934
SG_017658,0.1684270196536088
SG_017667,0.11741800207038722
SG_017673,0.15155197091543135
SG_017674,0.10880268863955841
SG_017677,0.08037853893608944
SG_017679,0.1009681054898578
SG_017683,0.12894614842563512
SG_017687,0.07270367597469295
SG_017689,0.25589102905519107
SG_017691,0.10849037873141132
SG_017693,0.22007380202436674
SG_017696,0.12412690501265905
SG_017697,0.10987647589606221
SG_017702,0.10985356309277569
SG_017703,0.29844266463507313
SG_017709,0.07979150196416124
SG_017714,0.14235612129338693
SG_017715,0.19892713301271298
SG_017718,0.16793284789620708
SG_017719,0.06861573987258941
SG_017728,0.2021596591449444
SG_017729,0.15667309763806783
SG_017739,0.15136486918244618
SG_017743,0.11862544713564724
SG_017745,0.055323388752272676
SG_017746,0.06236304180322926
SG_017749,0.26167146272735176
SG_017750,0.195252531469424
SG_017754,0.10795077563166257
SG_017757,0.16316147716079737
SG_017760,0.30920127596476016
SG_017774,0.1845022767588151
SG_017775,0.09285170319148764
SG_017776,0.15183061640170126
SG_017777,0.19616083446620913
SG_017778,0.1770063569624257
SG_017781,0.12378191860853831
SG_017782,0.21491180669456106
SG_017789,0.1316149010577569
SG_017795,0.17546786433517744
SG_017798,0.21861566143288247
SG_017811,0.15998634240305706
SG_017817,0.12678052335468976
SG_017819,0.13674678416156943
SG_017822,0.1822644488777158
SG_017827,0.10830423489770244
SG_017830,0.32260549212150147
SG_017832,0.1262914506246972
SG_017834,0.33676537347159297
SG_017838,0.1757773078287585
SG_017840,0.251235638524169
SG_017847,0.14915768643527946
SG_017851,0.19628507336686823
SG_017855,0.24807251049368667
SG_017862,0.06059104789398674
SG_017865,0.11708094750396053
SG_017866,0.12953538373158055
SG_017867,0.22219431871370232
SG_017878,0.13430829655254808
SG_017879,0.09281876746552074
SG_017880,0.1384133764932653
SG_017881,0.10840450541083964
SG_017882,0.14479556071910124
SG_017886,0.1629125960342654
SG_017888,0.13705151902019805
SG_017889,0.1514231414237218
SG_017895,0.1836000785122376
SG_017900,0.1619470640229295
SG_017902,0.18400002773257818
SG_017907,0.30374539113273963
SG_017909,0.17336030525003407
SG_017910,0.12832480170613159
SG_017913,0.21613993579779198
SG_017914,0.20899443485833163
SG_017917,0.2180717774648051
SG_017918,0.3802610772643342
SG_017919,0.10717149599049822
SG_017920,0.20716069541177215
SG_017936,0.13188983983182692
SG_017938,0.15773055443087197
SG_017945,0.1983414544098296
SG_017947,0.1684314461304588
SG_017949,0.19235731167956713
SG_017956,0.28115219586397444
SG_017958,0.2181728613371276
SG_017960,0.15323271752550657
SG_017965,0.09251941345737491
SG_017971,0.15953340691822532
SG_017973,0.3117088775504878
SG_017978,0.34421117272986473
SG_017981,0.10330443720664703
SG_017985,0.30719866060407247
SG_017987,0.16219272018749137
SG_017991,0.158206284484137
SG_017992,0.2448904312691605
SG_018002,0.17174202109823256
SG_018003,0.21082039537205355
SG_018005,0.11006773903235537
SG_018014,0.13290233426567194
SG_018015,0.18055074288566153
SG_018016,0.22474397586429173
SG_018017,0.26443467059699344
SG_018024,0.12348720683328199
SG_018028,0.1871347316677564
SG_018032,0.12237025036463245
SG_018033,0.21403595145554147
SG_018037,0.3006165560284999
SG_018040,0.16125311878870163
SG_018042,0.09870199124703567
SG_018046,0.11622373581066169
SG_018050,0.25144461910727556
SG_018055,0.26740609777419727
SG_018056,0.24561285104263253
SG_018061,0.11990002147913066
SG_018063,0.15652679903194616
SG_018064,0.19199464897316867
SG_018067,0.12924214680836085
SG_018072,0.21779939072732066
SG_018073,0.17175541159059055
SG_018074,0.3261574524647104
SG_018076,0.25799897866907157
SG_018080,0.09464362716853604
SG_018084,0.20593388738589352
SG_018088,0.23836512997945203
SG_018090,0.14533818044523064
SG_018092,0.15768510338280617
SG_018094,0.22072462629911666
SG_018096,0.10161515991568154
SG_018100,0.179922985384034
SG_018109,0.27905201646635586
SG_018111,0.12290696216247242
SG_018120,0.1901931364610171
SG_018124,0.35435146569603404
SG_018125,0.15729328676526472
SG_018130,0.14243631269476925
SG_018132,0.2284661352106097
SG_018134,0.12414028253707737
SG_018140,0.13333752031096938
SG_018144,0.15284438649185583
SG_018146,0.3656810176703097
SG_018150,0.16012283805874847
SG_018154,0.3657909290160682
SG_018155,0.11643863085681042
SG_018160,0.05938284915893806
SG_018165,0.21907916537143202
SG_018166,0.10901314430316564
SG_018170,0.13716993447672035
SG_018174,0.216339970244822
SG_018175,0.05620989462029044
SG_018178,0.2167818548630655
SG_018181,0.22276920830838345
SG_018186,0.1672819288202543
SG_018188,0.14339766583515728
SG_018195,0.08677139518387256
SG_018198,0.23282656326210888
SG_018201,0.05764093505649235
SG_018206,0.252220616199374
SG_018208,0.13233273647553306
SG_018214,0.3944531476517587
SG_018215,0.34410044304510096
SG_018216,0.19911274558298095
SG_018221,0.23649369722808505
SG_018224,0.09626282032826991
SG_018228,0.16716894192574708
SG_018229,0.07039572036748054
SG_018238,0.1189354376944517
SG_018241,0.07847749220404572
SG_018246,0.21520756962332066
SG_018247,0.14852868766361452
SG_018252,0.3056186715142828
SG_018253,0.10886526289164827
SG_018259,0.3373605336661858
SG_018261,0.12581061081641978
SG_018263,0.22990009958245328
SG_018266,0.1371848241557842
SG_018269,0.26263055116948075
SG_018270,0.15013976688424863
SG_018276,0.12895799356832574
SG_018278,0.1909870170816082
SG_018281,0.11818773647118186
SG_018282,0.20615779546130208
SG_018284,0.16560745839689736
SG_018286,0.08631877806347803
SG_018287,0.1482275792722355
SG_018294,0.08231521603903362
SG_018297,0.09379105458234269
SG_018303,0.2183713072093034
SG_018305,0.22686632564084558
SG_018307,0.13804639743869615
SG_018312,0.1558084956348008
SG_018316,0.16695919613113228
SG_018321,0.14615991990073066
SG_018322,0.20589248543969732
SG_018325,0.07868411037340314
SG_018327,0.07284781120761265
SG_018330,0.08863583067742128
SG_018334,0.15674215954681017
SG_018336,0.21535604812573714
SG_018338,0.19300555035614841
SG_018341,0.10915202935710164
SG_018342,0.23206738844444214
SG_018347,0.14579881411721585
SG_018348,0.16280970167530448
SG_018351,0.16080755794892426
SG_018360,0.3444590205175031
SG_018361,0.1781843584838787
SG_018364,0.14273464349642306
SG_018366,0.21171163702609974
SG_018368,0.26962712372775005
SG_018372,0.2326588796922447
SG_018379,0.11240943751068
SG_018381,0.13747075675381296
SG_018386,0.1068486699974771
SG_018387,0.2780497125613488
SG_018388,0.17059630149506458
SG_018394,0.280639712065676
SG_018407,0.149443785696061
SG_018410,0.17924004576541216
SG_018411,0.13025359218921778
SG_018417,0.12483224026038323
SG_018418,0.16318441114352766
SG_018420,0.1494900037848699
SG_018422,0.188902770925011
SG_018424,0.24605718093584517
SG_018426,0.07017496003626975
SG_018427,0.09849060428747887
SG_018430,0.12212561559809983
SG_018433,0.18497285190745388
SG_018434,0.19409042181635586
SG_018436,0.30308496198273177
SG_018441,0.15853989648750966
SG_018442,0.13092945209228288
SG_018445,0.1817830993619432
SG_018448,0.15845422119242672
SG_018452,0.09003964524564119
SG_018455,0.1160200450752933
SG_018458,0.09670920101544735
SG_018462,0.3030765329725766
SG_018468,0.1573338742039581
SG_018469,0.1749669531317574
SG_018470,0.17313219156311135
SG_018471,0.10795208696172615
SG_018472,0.21199981199185491
SG_018474,0.055402744677517476
SG_018476,0.19699365865231205
SG_018481,0.21172379988079434
SG_018485,0.1330935172547729
SG_018487,0.19691215843905455
SG_018490,0.08956382094864582
SG_018491,0.13212722967542306
SG_018493,0.1625767251553572
SG_018494,0.13763816824191055
SG_018497,0.1710282925710463
SG_018501,0.10812252348387996
SG_018503,0.1318584180611878
SG_018505,0.08501246345508304
SG_018506,0.16029423999636053
SG_018510,0.17886331515868042
SG_018511,0.14032155748825684
SG_018514,0.1576038767707612
SG_018519,0.21474757005346484
SG_018520,0.1327121709564505
SG_018524,0.14574997133761375
SG_018525,0.0588434080736768
SG_018526,0.13813893030907312
SG_018529,0.2398589039990004
SG_018531,0.2917539791007515
SG_018534,0.13572394527078196
SG_018536,0.11865550510830115
SG_018537,0.18353206419931334
SG_018543,0.18998461858001311
SG_018544,0.15531383771845395
SG_018547,0.12918422859871848
SG_018548,0.12104260508519216
SG_018549,0.19411872777077094
SG_018553,0.10969317415263546
SG_018555,0.19048663126882487
SG_018558,0.16735438861585472
SG_018566,0.07235362358046409
SG_018568,0.10191440315025035
SG_018569,0.048727600377478926
SG_018573,0.21500442521406876
SG_018576,0.17043448369303332
SG_018579,0.09238336846636211
SG_018587,0.1956364219311404
SG_018591,0.12870210173378444
SG_018594,0.1277480705659415
SG_018601,0.318413304214686
SG_018603,0.14391554749110771
SG_018608,0.1685619784004056
SG_018611,0.18596892311898916
SG_018612,0.29813160626206275
SG_018615,0.11671335374795819
SG_018617,0.16839512171628732
SG_018621,0.16432025873889966
SG_018623,0.210699201324792
SG_018624,0.11999973172850745
SG_018631,0.0841259528620974
SG_018636,0.11878901336450201
SG_018637,0.12929601578678274
SG_018639,0.31586583250051137
SG_018644,0.08458911362953256
SG_018645,0.23656523954302472
SG_018647,0.2691437940411129
SG_018650,0.200969787151917
SG_018651,0.1452890865910573
SG_018662,0.12792110853869082
SG_018663,0.1653889755628187
SG_018664,0.23354627241404402
SG_018665,0.19056581248951932
SG_018670,0.19996922611870355
SG_018676,0.20359922680354878
SG_018677,0.12530622511479506
SG_018678,0.2114163922978297
SG_018680,0.15996483655750912
SG_018685,0.1800974059796565
SG_018686,0.25346120463706645
SG_018687,0.22304999580855986
SG_018688,0.1214084813435378
SG_018689,0.12199885943722927
SG_018693,0.14058380564015127
SG_018694,0.09088226450237283
SG_018697,0.19724872691163528
SG_018703,0.14103977400268375
SG_018705,0.21427927196707183
SG_018709,0.09031070284678722
SG_018710,0.24996761097145453
SG_018711,0.20887351198696158
SG_018717,0.05615648876854585
SG_018721,0.19409174752957048
SG_018722,0.2143794819745497
SG_018731,0.20149475046494994
SG_018733,0.17523317073757974
SG_018738,0.1366553763229595
SG_018744,0.1316214474895315
SG_018745,0.13755218592676546
SG_018748,0.187392902209171
SG_018756,0.29227086572867494
SG_018758,0.21843838071706498
SG_018761,0.12589576077349912
SG_018765,0.11738429190442289
SG_018766,0.3347350986147126
SG_018767,0.13152919206330227
SG_018768,0.172772990897215
SG_018770,0.14656833090504023
SG_018779,0.15751802404855
SG_018787,0.15803911607515464
SG_018788,0.18861360615392925
SG_018789,0.21763481277074004
SG_018791,0.18437094183914138
SG_018792,0.17791152346137673
SG_018793,0.05705065378897557
SG_018798,0.23580023647616621
SG_018799,0.16048813152392155
SG_018800,0.13042014348096276
SG_018803,0.14974726860482415
SG_018806,0.21100938052862117
SG_018809,0.09903239875059397
SG_018811,0.21811128557236215
SG_018817,0.10769867697838628
SG_018818,0.1560043241521658
SG_018821,0.0784969545018851
SG_018822,0.10948141087577434
SG_018823,0.12415824582382176
SG_018826,0.21638165892741318
SG_018831,0.12644996203699108
SG_018834,0.163591011726688
SG_018837,0.2152332847082074
SG_018838,0.24178762272966248
SG_018842,0.213043022584444
SG_018843,0.2773331940113122
SG_018847,0.1968062960120847
SG_018850,0.11932808515033119
SG_018852,0.25977683720253497
SG_018853,0.11857861474843172
SG_018859,0.2786992150500819
SG_018861,0.16883545887697407
SG_018875,0.141915048980496
SG_018883,0.18492611414136903
SG_018885,0.11199044513916248
SG_018889,0.1652837527585793
SG_018890,0.24406812911776196
SG_018894,0.15103246363188294
SG_018895,0.34459712118178676
SG_018899,0.12186371979342542
SG_018901,0.289925603584854
SG_018902,0.18987785432626064
SG_018904,0.17935697205775677
SG_018905,0.22761066328555013
SG_018906,0.20565018902290672
SG_018907,0.1983921605867534
SG_018908,0.06876470203626914
SG_018915,0.2487352852750807
SG_018918,0.10013764609439062
SG_018920,0.10442196540905879
SG_018924,0.2690796940046982
SG_018928,0.18455541857469426
SG_018940,0.17929934846725404
SG_018941,0.17371771970168454
SG_018942,0.14063492047077267
SG_018965,0.2664785332168105
SG_018966,0.11981030598660927
SG_018968,0.14859932405570975
SG_018970,0.18384492858088158
SG_018972,0.1360414067594513
SG_018978,0.15530774194419755
SG_018981,0.1261967473063133
SG_018984,0.07841146851540534
SG_018990,0.23090174953480425
SG_019006,0.19560931040976975
SG_019012,0.16638658985537588
SG_019014,0.1852008933292435
SG_019015,0.2592212016114812
SG_019016,0.24954745641783943
SG_019018,0.16897911702922339
SG_019019,0.11003325608046512
SG_019023,0.2725369715664414
SG_019028,0.37739534579348
SG_019030,0.21160882296752215
SG_019036,0.18538837733830899
SG_019038,0.07329442107505607
SG_019039,0.17236234363741554
SG_019041,0.18167944881247866
SG_019042,0.15425326219981228
SG_019044,0.28408407894733795
SG_019051,0.1323656506959007
SG_019053,0.1773966836522557
SG_019054,0.15628444828657903
SG_019058,0.2804642497568548
SG_019069,0.1358909603835793
SG_019071,0.08533846935274583
SG_019082,0.17193151367159532
SG_019083,0.15813077101903167
SG_019084,0.15112441592926817
SG_019087,0.11483394967484066
SG_019092,0.17644725283174906
SG_019098,0.18500781599185476
SG_019102,0.3416405053112093
SG_019105,0.19312307850525173
SG_019106,0.2003228947756909
SG_019109,0.10578507934496705
SG_019115,0.19320114164864288
SG_019117,0.2132026595797531
SG_019119,0.11225582320330436
SG_019120,0.24823476551810003
SG_019131,0.16226777204167414
SG_019142,0.32585898907799643
SG_019146,0.11628856287496986
SG_019147,0.18405260583233563
SG_019149,0.13082349067428725
SG_019150,0.10000055212331577
SG_019162,0.16261552098339138
SG_019167,0.11657181990689014
SG_019169,0.22157319047287996
SG_019171,0.06579510918523834
SG_019176,0.22985306842014971
SG_019184,0.1669146200930597
SG_019187,0.18239750220516227
SG_019190,0.10619262945321892
SG_019197,0.23963268743941896
SG_019198,0.11185187000803645
SG_019201,0.0727184851429907
SG_019203,0.2402576133134399
SG_019204,0.12003581405116101
SG_019208,0.14694708349260643
SG_019209,0.126287330395854
SG_019211,0.12131446936281506
SG_019212,0.17816222981487578
SG_019217,0.20029573220419866
SG_019221,0.13976934336148383
SG_019222,0.25133982336224725
SG_019223,0.12149875750121907
SG_019225,0.17366014709638383
SG_019237,0.23297905002394473
SG_019244,0.17061891720197114
SG_019245,0.1855061196059024
SG_019246,0.0865839756488206
SG_019247,0.12731345235061542
SG_019248,0.13568506944240527
SG_019249,0.18486318004077154
SG_019251,0.10715687765174325
SG_019253,0.1432463360490285
SG_019254,0.09037776417186508
SG_019255,0.23147692270922937
SG_019259,0.0960766499660494
SG_019265,0.09244747255502962
SG_019266,0.17739452154503718
SG_019267,0.19885034436639687
SG_019270,0.11877792021675265
SG_019271,0.10639241172441577
SG_019272,0.2573436994784554
SG_019273,0.13798242715155257
SG_019274,0.1099022237991417
SG_019275,0.1364618037755989
SG_019276,0.155899546268865
SG_019282,0.1433611563463592
SG_019286,0.1460196343427249
SG_019289,0.23624980147703897
SG_019295,0.28277803000422075
SG_019296,0.20242687103762969
SG_019298,0.04790608171516511
SG_019300,0.16241583666162643
SG_019302,0.1609598460625914
SG_019311,0.16272283842472085
SG_019314,0.10810259540382736
SG_019315,0.15723956290659857
SG_019316,0.25670656046535756
SG_019321,0.10249912815579029
SG_019325,0.277813043179993
SG_019326,0.21680548065658747
SG_019328,0.09194366830331384
SG_019330,0.1448317936876989
SG_019333,0.12636487479207567
SG_019336,0.17488295820019503
SG_019339,0.14562174336245737
SG_019346,0.17705914655218036
SG_019352,0.16781054618129262
SG_019358,0.2317125933443484
SG_019362,0.3744293416814953
SG_019368,0.11085834442704706
SG_019371,0.13226349411421195
SG_019373,0.23688277594733642
SG_019374,0.25646495244990214
SG_019375,0.1037214542989786
SG_019376,0.35837713452752185
SG_019386,0.14570013849981253
SG_019388,0.1478577404229106
SG_019394,0.23853569178937792
SG_019398,0.10272016175830334
SG_019408,0.1815908755354109
SG_019411,0.09305874142988962
SG_019419,0.24281684477199778
SG_019421,0.1367286480451899
SG_019425,0.20726795136139164
SG_019427,0.21038590718375708
SG_019428,0.2533640049220056
SG_019431,0.11459710312215196
SG_019432,0.10987163334332607
SG_019433,0.14686150628398137
SG_019436,0.17972473012367896
SG_019437,0.20290942305060353
SG_019440,0.06469058853025936
SG_019442,0.19949501667220476
SG_019446,0.14139402291254508
SG_019447,0.20520306246735082
SG_019449,0.12682135351639165
SG_019452,0.059092785807333015
SG_019455,0.2012826076379952
SG_019456,0.09927356027357156
SG_019458,0.24533434841725682
SG_019466,0.15554304734154936
SG_019468,0.3458521744587022
SG_019470,0.1274182591116634
SG_019471,0.16210032178877148
SG_019473,0.10684316309212372
SG_019478,0.20465362667943715
SG_019485,0.33967492514971737
SG_019488,0.24754994930252222
SG_019489,0.19971607082600867
SG_019491,0.2105502435457325
SG_019496,0.20548747302076925
SG_019498,0.13631282114477522
SG_019510,0.30689946952362535
SG_019516,0.07856131594743862
SG_019519,0.089863633748692
SG_019523,0.20244059766206157
SG_019527,0.13889668175913944
SG_019530,0.13988533337040548
SG_019532,0.12694408910484656
SG_019534,0.26904832954768787
SG_019540,0.19030338959904952
SG_019541,0.13569027477103446
SG_019543,0.21242392897078188
SG_019553,0.10672379231077558
SG_019558,0.15794406424177596
SG_019562,0.16938423441448253
SG_019563,0.15642399752666164
SG_019564,0.17884676011456208
SG_019567,0.09080224460885741
SG_019570,0.22580158905067826
SG_019577,0.12921400974738792
SG_019583,0.19468409949059004
SG_019585,0.15191522046701764
SG_019587,0.16940871935870258
SG_019588,0.0648703277218295
SG_019591,0.10815865692797093
SG_019593,0.10946580288999663
SG_019598,0.08911553302721009
SG_019599,0.1661747899622131
SG_019602,0.3229097659711615
SG_019609,0.22137088346249192
SG_019620,0.19546872554803982
SG_019621,0.08024796428828188
SG_019624,0.25513829382449205
SG_019625,0.2436503593092788
SG_019627,0.05205310547958979
SG_019635,0.10166162141011426
SG_019638,0.10748767615983407
SG_019639,0.08515497228611354
SG_019642,0.3266360931960331
SG_019645,0.15950765784515564
SG_019647,0.2456842652537632
SG_019648,0.10276648266098071
SG_019650,0.12960010940248878
SG_019652,0.12598728381398147
SG_019654,0.20789665684593645
SG_019657,0.18259974790766695
SG_019660,0.20490009778508783
SG_019661,0.14820363632170624
SG_019662,0.2128183002919749
SG_019665,0.1464875532365231
SG_019666,0.21402503792372757
SG_019667,0.24435173364432322
SG_019676,0.18218579918116007
SG_019679,0.2983033864619019
SG_019680,0.22887166438346376
SG_019683,0.24170417836821506
SG_019689,0.13224368659128297
SG_019690,0.23021901464310424
SG_019691,0.18818418729542316
SG_019695,0.13329658715780526
SG_019698,0.17158549772460213
SG_019710,0.1613884672960829
SG_019711,0.16754522583024817
SG_019716,0.12332707424658594
SG_019724,0.12902371203608137
SG_019727,0.3099867771925885
SG_019728,0.158958230934226
SG_019729,0.1314649890627362
SG_019733,0.36038723941253464
SG_019738,0.16319222596066532
SG_019740,0.11406288420068919
SG_019746,0.2184570635224351
SG_019747,0.19297375248247367
SG_019750,0.2056532462272394
SG_019755,0.24383102814252225
SG_019756,0.15923394334271918
SG_019761,0.1229239071655027
SG_019764,0.10353578608625022
SG_019766,0.1507155699363447
SG_019767,0.14868910357890378
SG_019769,0.22717184892621373
SG_019779,0.060655730422399204
SG_019782,0.09877521659412314
SG_019783,0.19099865980683153
SG_019784,0.10902719962957322
SG_019791,0.19518621681481219
SG_019792,0.12660401282499756
SG_019793,0.22925422878265023
SG_019797,0.11681452291848501
SG_019800,0.26494130557991236
SG_019801,0.18559060789472914
SG_019802,0.11815705023185746
SG_019804,0.1256219000125654
SG_019807,0.19372918981914886
SG_019809,0.24270558561646072
SG_019811,0.1462125571140108
SG_019812,0.16856653744424543
SG_019819,0.1333678305604905
SG_019828,0.10908752560931861
SG_019830,0.1239373722984752
SG_019832,0.14250053404515955
SG_019835,0.11175427386502898
SG_019838,0.11464248074948635
SG_019839,0.093834642639921
SG_019842,0.20663907845179094
SG_019846,0.2637894771153819
SG_019849,0.10750625154617273
SG_019851,0.22816213045496384
SG_019852,0.06154013501337977
SG_019853,0.19340767442720067
SG_019854,0.22259173059192952
SG_019857,0.21451770150567445
SG_019858,0.17043440109471458
SG_019859,0.28046502889528785
SG_019864,0.2452263469476618
SG_019865,0.16420653378152927
SG_019868,0.16464729394525235
SG_019869,0.20060463048332444
SG_019873,0.09353889252842079
SG_019878,0.1611961123446556
SG_019883,0.2636567181112079
SG_019887,0.17691405254026837
SG_019888,0.0801382132125644
SG_019895,0.24800179754267998
SG_019900,0.1341686891903974
SG_019903,0.11444253739574638
SG_019906,0.18934408584971435
SG_019909,0.09881975331986304
SG_019910,0.12199478303609473
SG_019913,0.13680941883622097
SG_019914,0.19872197850309248
SG_019921,0.1463078347644163
SG_019923,0.1395200327219095
SG_019928,0.33434089571071124
SG_019930,0.23369355500071223
SG_019933,0.1319326073868699
SG_019939,0.12280778839301293
SG_019941,0.16819332210866078
SG_019944,0.11118387211222294
SG_019945,0.17544723528625053
SG_019947,0.11182683935357743
SG_019949,0.22329071424685326
SG_019950,0.17089528495051962
SG_019954,0.20331888882063512
SG_019955,0.2283911681228201
SG_019960,0.08835543776347404
SG_019961,0.17750034509699028
SG_019966,0.28379285801138504
SG_019968,0.1427261097549793
SG_019970,0.0997278698896745
SG_019973,0.13507617115342443
SG_019974,0.21382177043018535
SG_019976,0.12383353591157581
SG_019978,0.16420743501523433
SG_019980,0.07087371262512553
SG_019981,0.13682173215824897
SG_019983,0.2526327269456741
SG_019984,0.1520597020349939
SG_019985,0.11875473194615896
SG_019989,0.07246466661847552
SG_019994,0.17260210817052737
SG_019998,0.12942132791978034
SG_019999,0.29786988638675055
SG_020000,0.20467647300585662
